,Date,bert_scores
0,2021-04-16,0.16666666666666666
1,2021-04-15,0.25
2,2021-04-14,0.3333333333333333
3,2021-04-13,0.2222222222222222
4,2021-04-12,-0.08333333333333333
5,2021-04-11,0.3333333333333333
6,2021-04-10,-0.5
7,2021-04-09,0.14285714285714285
8,2021-04-08,0.2857142857142857
9,2021-04-07,0.25
10,2021-04-06,0.3333333333333333
11,2021-04-05,-0.1111111111111111
12,2021-04-04,0.4
13,2021-04-03,0.6666666666666666
14,2021-04-02,0.6666666666666666
15,2021-04-01,0.5
16,2021-03-31,0.1
17,2021-03-30,0.6
18,2021-03-29,0.0
19,2021-03-28,0.0
20,2021-03-27,0.5
21,2021-03-26,0.5
22,2021-03-25,0.0
23,2021-03-24,0.0
24,2021-03-23,0.0
25,2021-03-22,0.2
26,2021-03-21,0.0
27,2021-03-20,1.0
28,2021-03-19,0.375
29,2021-03-18,-0.2222222222222222
30,2021-03-17,-0.2857142857142857
31,2021-03-16,-0.3333333333333333
32,2021-03-15,0.4
33,2021-03-14,0.0
34,2021-03-13,0.25
35,2021-03-12,-0.14285714285714285
36,2021-03-11,0.5
37,2021-03-10,0.25
38,2021-03-09,0.14285714285714285
39,2021-03-08,0.25
40,2021-03-07,0.3333333333333333
41,2021-03-06,0.3333333333333333
42,2021-03-05,0.0
43,2021-03-04,-0.125
44,2021-03-03,0.42857142857142855
45,2021-03-02,0.2727272727272727
46,2021-03-01,0.3333333333333333
47,2021-02-28,-0.2
48,2021-02-27,0.0
49,2021-02-26,-0.2
50,2021-02-25,0.2
51,2021-02-24,0.14285714285714285
52,2021-02-23,0.16666666666666666
53,2021-02-22,-0.42857142857142855
54,2021-02-21,0.0
55,2021-02-20,0.0
56,2021-02-19,0.0
57,2021-02-18,0.125
58,2021-02-17,-0.1111111111111111
59,2021-02-16,0.25
60,2021-02-15,0.2727272727272727
61,2021-02-14,0.25
62,2021-02-13,0.6666666666666666
63,2021-02-12,0.2222222222222222
64,2021-02-11,0.42857142857142855
65,2021-02-10,0.25
66,2021-02-09,0.5
67,2021-02-08,0.5555555555555556
68,2021-02-07,0.5
69,2021-02-06,0.25
70,2021-02-05,0.3333333333333333
71,2021-02-04,0.3333333333333333
72,2021-02-03,0.5
73,2021-02-02,0.5
74,2021-02-01,0.35714285714285715
75,2021-01-31,0.2
76,2021-01-30,0.25
77,2021-01-29,0.4
78,2021-01-28,0.0
79,2021-01-27,-0.1111111111111111
80,2021-01-26,0.5
81,2021-01-25,-0.125
82,2021-01-24,-0.3333333333333333
83,2021-01-23,0.0
84,2021-01-22,-0.2857142857142857
85,2021-01-21,0.0
86,2021-01-20,0.25
87,2021-01-19,0.375
88,2021-01-18,0.125
89,2021-01-17,-0.2857142857142857
90,2021-01-16,0.0
91,2021-01-15,0.0
92,2021-01-14,-0.14285714285714285
93,2021-01-13,0.38461538461538464
94,2021-01-12,0.25
95,2021-01-11,0.25
96,2021-01-10,0.2857142857142857
97,2021-01-09,0.3333333333333333
98,2021-01-08,0.3
99,2021-01-07,0.2
100,2021-01-06,-0.18181818181818182
101,2021-01-05,0.5
102,2021-01-04,0.3333333333333333
103,2021-01-03,0.16666666666666666
104,2021-01-02,0.5
105,2021-01-01,0.2857142857142857
106,2020-12-31,0.6
107,2020-12-30,0.45454545454545453
108,2020-12-29,0.4
109,2020-12-28,0.3
110,2020-12-27,0.4
111,2020-12-26,0.0
112,2020-12-25,0.25
113,2020-12-24,0.0
114,2020-12-23,0.36363636363636365
115,2020-12-22,0.0
116,2020-12-21,-0.08333333333333333
117,2020-12-20,0.0
118,2020-12-19,0.6666666666666666
119,2020-12-18,0.3333333333333333
120,2020-12-17,0.42857142857142855
121,2020-12-16,0.5
122,2020-12-15,0.0
123,2020-12-14,0.09090909090909091
124,2020-12-13,0.0
125,2020-12-12,-0.5
126,2020-12-11,0.4
127,2020-12-10,0.0
128,2020-12-09,0.7142857142857143
129,2020-12-08,0.5714285714285714
130,2020-12-07,0.3333333333333333
131,2020-12-06,0.75
132,2020-12-05,0.0
133,2020-12-04,0.2
134,2020-12-03,0.5
135,2020-12-02,0.8333333333333334
136,2020-12-01,0.7142857142857143
137,2020-11-30,1.0
138,2020-11-29,0.2
139,2020-11-28,0.42857142857142855
140,2020-11-27,0.3
141,2020-11-26,0.2222222222222222
142,2020-11-25,-0.08333333333333333
143,2020-11-24,0.36363636363636365
144,2020-11-23,0.2727272727272727
145,2020-11-22,0.0
146,2020-11-21,0.5
147,2020-11-20,1.0
148,2020-11-19,0.1111111111111111
149,2020-11-18,0.4444444444444444
150,2020-11-17,0.4444444444444444
151,2020-11-16,0.3333333333333333
152,2020-11-15,0.0
153,2020-11-14,0.375
154,2020-11-13,0.3333333333333333
155,2020-11-12,0.3333333333333333
156,2020-11-11,0.3
157,2020-11-10,0.45454545454545453
158,2020-11-09,0.5
159,2020-11-08,0.6
160,2020-11-07,0.2
161,2020-11-06,0.6
162,2020-11-05,0.3333333333333333
163,2020-11-04,0.75
164,2020-11-03,0.75
165,2020-11-02,0.75
166,2020-11-01,-0.3333333333333333
167,2020-10-30,0.0
168,2020-10-29,0.0
169,2020-10-28,-0.14285714285714285
170,2020-10-27,0.5
171,2020-10-26,-0.2727272727272727
172,2020-10-25,0.0
173,2020-10-24,0.5
174,2020-10-23,0.375
175,2020-10-22,0.0
176,2020-10-21,0.5
177,2020-10-20,0.0
178,2020-10-19,0.2727272727272727
179,2020-10-18,0.2
180,2020-10-17,0.0
181,2020-10-16,0.14285714285714285
182,2020-10-15,0.125
183,2020-10-14,0.0
184,2020-10-13,0.5
185,2020-10-12,0.125
186,2020-10-11,0.16666666666666666
187,2020-10-10,1.0
188,2020-10-09,0.1111111111111111
189,2020-10-08,0.3
190,2020-10-07,0.0
191,2020-10-06,0.5
192,2020-10-05,0.4444444444444444
193,2020-10-04,0.6
194,2020-10-03,0.6666666666666666
195,2020-10-02,0.0
196,2020-10-01,0.0
197,2020-09-30,0.5
198,2020-09-29,-0.2857142857142857
199,2020-09-28,0.8333333333333334
200,2020-09-27,-0.2
201,2020-09-26,0.0
202,2020-09-25,0.0
203,2020-09-24,0.0
204,2020-09-23,0.0
205,2020-09-22,-0.125
206,2020-09-21,-0.125
207,2020-09-20,0.3333333333333333
208,2020-09-19,0.0
209,2020-09-18,0.16666666666666666
210,2020-09-17,-0.14285714285714285
211,2020-09-16,0.6
212,2020-09-15,0.3333333333333333
213,2020-09-14,0.6
214,2020-09-13,-0.125
215,2020-09-12,0.16666666666666666
216,2020-09-11,0.3333333333333333
217,2020-09-10,0.625
218,2020-09-09,0.0
219,2020-09-08,0.14285714285714285
220,2020-09-07,0.2
221,2020-09-06,-0.2
222,2020-09-05,0.16666666666666666
223,2020-09-04,-0.5555555555555556
224,2020-09-03,0.0
225,2020-09-02,0.6666666666666666
226,2020-09-01,0.1111111111111111
227,2020-08-31,0.3
228,2020-08-30,0.3333333333333333
229,2020-08-29,0.5
230,2020-08-28,0.14285714285714285
231,2020-08-27,0.375
232,2020-08-26,0.2222222222222222
233,2020-08-25,0.2
234,2020-08-24,0.2222222222222222
235,2020-08-23,0.2
236,2020-08-22,0.5
237,2020-08-21,0.1111111111111111
238,2020-08-20,0.0
239,2020-08-19,0.2727272727272727
240,2020-08-18,0.3
241,2020-08-17,0.2727272727272727
242,2020-08-16,0.0
243,2020-08-15,0.5
244,2020-08-14,0.125
245,2020-08-13,0.2222222222222222
246,2020-08-12,0.0
247,2020-08-11,0.5714285714285714
248,2020-08-10,0.5714285714285714
249,2020-08-09,0.0
250,2020-08-08,0.3333333333333333
251,2020-08-07,0.3333333333333333
252,2020-08-06,0.5714285714285714
253,2020-08-05,0.0
254,2020-08-04,0.42857142857142855
255,2020-08-03,-0.1111111111111111
256,2020-08-02,0.0
257,2020-08-01,0.14285714285714285
258,2020-07-31,0.16666666666666666
259,2020-07-30,0.375
260,2020-07-29,0.25
261,2020-07-28,0.5
262,2020-07-27,-0.16666666666666666
263,2020-07-26,0.5
264,2020-07-25,0.6
265,2020-07-24,0.0
266,2020-07-23,0.375
267,2020-07-22,0.1
268,2020-07-21,0.4444444444444444
269,2020-07-20,0.3
270,2020-07-19,0.0
271,2020-07-18,0.5
272,2020-07-17,0.4
273,2020-07-16,0.14285714285714285
274,2020-07-15,0.4
275,2020-07-14,-0.2222222222222222
276,2020-07-13,0.36363636363636365
277,2020-07-12,0.14285714285714285
278,2020-07-11,0.5
279,2020-07-10,0.2857142857142857
280,2020-07-09,0.42857142857142855
281,2020-07-08,0.0
282,2020-07-07,0.2222222222222222
283,2020-07-06,0.5
284,2020-07-05,0.5
285,2020-07-04,0.4
286,2020-07-03,0.4444444444444444
287,2020-07-02,0.2857142857142857
288,2020-07-01,0.3
289,2020-06-30,0.375
290,2020-06-29,0.0
291,2020-06-28,0.42857142857142855
292,2020-06-27,0.75
293,2020-06-26,0.3333333333333333
294,2020-06-25,0.0
295,2020-06-24,-0.14285714285714285
296,2020-06-23,0.5
297,2020-06-22,0.8571428571428571
298,2020-06-21,0.25
299,2020-06-20,-0.1111111111111111
300,2020-06-19,0.4
301,2020-06-18,0.0
302,2020-06-17,0.125
303,2020-06-16,0.5555555555555556
304,2020-06-15,-0.16666666666666666
305,2020-06-14,0.125
306,2020-06-13,0.4
307,2020-06-12,0.0
308,2020-06-11,-0.125
309,2020-06-10,0.2727272727272727
310,2020-06-09,0.25
311,2020-06-08,0.2727272727272727
312,2020-06-07,0.3333333333333333
313,2020-06-06,-0.16666666666666666
314,2020-06-05,0.25
315,2020-06-04,0.2857142857142857
316,2020-06-03,0.5
317,2020-06-02,0.4
318,2020-06-01,0.23076923076923078
319,2020-05-31,0.0
320,2020-05-30,0.14285714285714285
321,2020-05-29,0.4
322,2020-05-28,0.5714285714285714
323,2020-05-27,0.2857142857142857
324,2020-05-26,0.2222222222222222
325,2020-05-25,0.0
326,2020-05-24,-0.6666666666666666
327,2020-05-23,0.5
328,2020-05-22,0.0
329,2020-05-21,0.4444444444444444
330,2020-05-20,-0.2
331,2020-05-19,0.2222222222222222
332,2020-05-18,0.0
333,2020-05-17,-0.2222222222222222
334,2020-05-16,-1.0
335,2020-05-15,-0.1
336,2020-05-14,-0.5
337,2020-05-13,0.375
338,2020-05-12,0.125
339,2020-05-11,-0.3333333333333333
340,2020-05-10,-0.125
341,2020-05-09,0.3333333333333333
342,2020-05-08,0.3333333333333333
343,2020-05-07,0.16666666666666666
344,2020-05-06,0.14285714285714285
345,2020-05-05,-0.3333333333333333
346,2020-05-04,-0.375
347,2020-05-03,0.25
348,2020-05-02,0.16666666666666666
349,2020-05-01,0.0
350,2020-04-30,1.0
351,2020-04-29,0.375
352,2020-04-28,0.42857142857142855
353,2020-04-27,0.18181818181818182
354,2020-04-26,-0.2857142857142857
355,2020-04-25,-1.0
356,2020-04-24,-0.1111111111111111
357,2020-04-23,0.3333333333333333
358,2020-04-22,0.5
359,2020-04-21,0.0
360,2020-04-20,0.125
361,2020-04-19,0.25
362,2020-04-18,0.3333333333333333
363,2020-04-17,0.42857142857142855
364,2020-04-16,0.42857142857142855
365,2020-04-15,0.125
366,2020-04-14,-0.5
367,2020-04-13,-0.3333333333333333
368,2020-04-12,-0.4
369,2020-04-11,0.4
370,2020-04-10,0.6
371,2020-04-09,0.5714285714285714
372,2020-04-08,0.375
373,2020-04-07,0.3333333333333333
374,2020-04-06,0.0
375,2020-04-05,0.0
376,2020-04-04,0.75
377,2020-04-03,0.0
378,2020-04-02,-0.2
379,2020-04-01,0.0
380,2020-03-31,0.2857142857142857
381,2020-03-30,-0.0625
382,2020-03-29,0.2222222222222222
383,2020-03-28,0.25
384,2020-03-27,0.3333333333333333
385,2020-03-26,0.2
386,2020-03-25,0.5
387,2020-03-24,0.2222222222222222
388,2020-03-23,-0.14285714285714285
389,2020-03-22,0.0
390,2020-03-21,-0.3333333333333333
391,2020-03-20,0.45454545454545453
392,2020-03-19,0.16666666666666666
393,2020-03-18,0.1111111111111111
394,2020-03-17,0.0
395,2020-03-16,0.0
396,2020-03-15,0.0
397,2020-03-14,0.6666666666666666
398,2020-03-13,0.38461538461538464
399,2020-03-12,0.21428571428571427
400,2020-03-11,0.5555555555555556
401,2020-03-10,0.2
402,2020-03-09,0.1111111111111111
403,2020-03-08,-0.16666666666666666
404,2020-03-07,-0.5
405,2020-03-06,0.0
406,2020-03-05,0.1111111111111111
407,2020-03-04,0.3
408,2020-03-03,0.625
409,2020-03-02,0.0
410,2020-03-01,0.0
411,2020-02-29,0.2
412,2020-02-28,-0.07692307692307693
413,2020-02-27,0.16666666666666666
414,2020-02-26,-0.125
415,2020-02-25,-0.2
416,2020-02-24,0.0
417,2020-02-23,0.5
418,2020-02-22,0.5
419,2020-02-21,0.0
420,2020-02-20,0.16666666666666666
421,2020-02-19,1.0
422,2020-02-18,-0.25
423,2020-02-17,0.1
424,2020-02-16,-0.5
425,2020-02-15,1.0
426,2020-02-14,0.2222222222222222
427,2020-02-13,0.14285714285714285
428,2020-02-12,0.6
429,2020-02-11,0.5714285714285714
430,2020-02-10,0.0
431,2020-02-09,0.0
432,2020-02-08,1.0
433,2020-02-07,0.6666666666666666
434,2020-02-06,0.0
435,2020-02-05,0.0
436,2020-02-04,0.3333333333333333
437,2020-02-03,-0.16666666666666666
438,2020-02-02,-0.25
439,2020-02-01,0.0
440,2020-01-31,0.0
441,2020-01-30,0.3333333333333333
442,2020-01-29,0.5714285714285714
443,2020-01-28,0.0
444,2020-01-27,-0.75
445,2020-01-26,0.0
446,2020-01-25,1.0
447,2020-01-24,0.2
448,2020-01-23,0.5
449,2020-01-22,0.0
450,2020-01-21,-0.16666666666666666
451,2020-01-20,0.2222222222222222
452,2020-01-19,0.0
453,2020-01-18,0.0
454,2020-01-17,-0.5
455,2020-01-16,0.5714285714285714
456,2020-01-15,-0.25
457,2020-01-14,0.4444444444444444
458,2020-01-13,0.14285714285714285
459,2020-01-12,-0.25
460,2020-01-11,0.5
461,2020-01-10,0.0
462,2020-01-09,0.75
463,2020-01-08,0.0
464,2020-01-07,0.14285714285714285
465,2020-01-06,0.0
466,2020-01-05,0.0
467,2020-01-04,0.3333333333333333
468,2020-01-03,0.3333333333333333
469,2020-01-02,0.2
470,2020-01-01,0.25
471,2019-12-31,-0.1111111111111111
472,2019-12-30,0.125
473,2019-12-29,0.25
474,2019-12-28,0.0
475,2019-12-27,0.14285714285714285
476,2019-12-26,0.3333333333333333
477,2019-12-25,0.0
478,2019-12-24,0.0
479,2019-12-23,0.0
480,2019-12-22,0.4
481,2019-12-21,0.25
482,2019-12-20,0.25
483,2019-12-19,0.14285714285714285
484,2019-12-18,0.5714285714285714
485,2019-12-17,0.4
486,2019-12-16,0.2
487,2019-12-15,0.25
488,2019-12-14,-1.0
489,2019-12-13,0.8
490,2019-12-12,0.6666666666666666
491,2019-12-11,0.0
492,2019-12-10,0.25
493,2019-12-09,0.2
494,2019-12-08,0.0
495,2019-12-07,-0.5
496,2019-12-06,-0.2
497,2019-12-05,0.2857142857142857
498,2019-12-04,1.0
499,2019-12-03,0.0
500,2019-12-02,-0.2
501,2019-12-01,-0.3333333333333333
502,2019-11-30,0.0
503,2019-11-29,0.0
504,2019-11-28,0.6666666666666666
505,2019-11-27,0.2
506,2019-11-26,0.6
507,2019-11-25,0.6666666666666666
508,2019-11-24,-0.16666666666666666
509,2019-11-23,0.5
510,2019-11-22,0.3333333333333333
511,2019-11-21,-0.5
512,2019-11-20,0.6666666666666666
513,2019-11-19,0.42857142857142855
514,2019-11-18,0.25
515,2019-11-17,0.3333333333333333
516,2019-11-16,0.5
517,2019-11-15,-0.5
518,2019-11-14,0.75
519,2019-11-13,0.16666666666666666
520,2019-11-12,0.0
521,2019-11-11,0.375
522,2019-11-10,0.14285714285714285
523,2019-11-09,0.0
524,2019-11-08,0.3333333333333333
525,2019-11-07,0.3333333333333333
526,2019-11-06,0.0
527,2019-11-05,0.3333333333333333
528,2019-11-04,0.4
529,2019-11-03,0.6666666666666666
530,2019-11-02,0.25
531,2019-11-01,0.6
532,2019-10-31,0.6666666666666666
533,2019-10-30,1.0
534,2019-10-29,0.2
535,2019-10-28,0.3333333333333333
536,2019-10-27,0.5714285714285714
537,2019-10-26,1.0
538,2019-10-25,0.5
539,2019-10-24,-0.25
540,2019-10-23,0.3333333333333333
541,2019-10-22,-0.25
542,2019-10-21,-0.5
543,2019-10-20,0.0
544,2019-10-18,0.75
545,2019-10-17,0.0
546,2019-10-16,0.6666666666666666
547,2019-10-15,0.6666666666666666
548,2019-10-14,-0.3333333333333333
549,2019-10-13,0.5
550,2019-10-12,0.0
551,2019-10-11,0.2
552,2019-10-10,0.0
553,2019-10-09,0.75
554,2019-10-08,-0.25
555,2019-10-07,-0.2
556,2019-10-06,1.0
557,2019-10-05,1.0
558,2019-10-04,-0.25
559,2019-10-03,0.0
560,2019-10-02,0.3333333333333333
561,2019-10-01,-0.2
562,2019-09-30,-0.5
563,2019-09-29,0.25
564,2019-09-28,0.0
565,2019-09-27,0.5
566,2019-09-26,0.5555555555555556
567,2019-09-25,0.3333333333333333
568,2019-09-24,0.6666666666666666
569,2019-09-23,0.25
570,2019-09-22,0.3333333333333333
571,2019-09-20,0.25
572,2019-09-19,0.0
573,2019-09-18,0.0
574,2019-09-17,-0.6
575,2019-09-16,-0.25
576,2019-09-15,0.5
577,2019-09-14,0.3333333333333333
578,2019-09-13,0.6666666666666666
579,2019-09-12,-0.3333333333333333
580,2019-09-11,-0.2
581,2019-09-10,0.3333333333333333
582,2019-09-09,1.0
583,2019-09-07,-0.5
584,2019-09-06,1.0
585,2019-09-05,0.2
586,2019-09-04,0.3333333333333333
587,2019-09-03,-1.0
588,2019-09-02,0.0
589,2019-09-01,-0.5
590,2019-08-30,0.75
591,2019-08-29,-0.5
592,2019-08-28,-0.1111111111111111
593,2019-08-27,0.16666666666666666
594,2019-08-26,0.75
595,2019-08-25,0.0
596,2019-08-23,0.2857142857142857
597,2019-08-22,-0.16666666666666666
598,2019-08-21,0.1111111111111111
599,2019-08-20,0.3333333333333333
600,2019-08-19,0.3333333333333333
601,2019-08-18,-0.3333333333333333
602,2019-08-17,0.0
603,2019-08-16,0.2857142857142857
604,2019-08-15,0.0
605,2019-08-14,0.7142857142857143
606,2019-08-13,0.3333333333333333
607,2019-08-12,0.0
608,2019-08-11,-0.5
609,2019-08-09,0.5
610,2019-08-08,0.6666666666666666
611,2019-08-07,-0.3333333333333333
612,2019-08-06,0.5
613,2019-08-05,-0.2
614,2019-08-04,-0.2
615,2019-08-03,0.0
616,2019-08-02,-0.25
617,2019-08-01,-0.5
618,2019-07-31,0.2
619,2019-07-30,0.6
620,2019-07-29,-0.2
621,2019-07-28,-0.5
622,2019-07-27,0.0
623,2019-07-26,0.0
624,2019-07-25,0.0
625,2019-07-24,-0.5
626,2019-07-23,0.0
627,2019-07-22,-0.16666666666666666
628,2019-07-21,0.0
629,2019-07-20,-0.5
630,2019-07-19,-0.5
631,2019-07-18,-0.25
632,2019-07-17,-0.1111111111111111
633,2019-07-16,0.8333333333333334
634,2019-07-15,0.3333333333333333
635,2019-07-14,0.0
636,2019-07-13,1.0
637,2019-07-12,-0.5
638,2019-07-11,0.7142857142857143
639,2019-07-10,-0.5
640,2019-07-09,0.0
641,2019-07-08,0.0
642,2019-07-07,-0.3333333333333333
643,2019-07-05,0.5
644,2019-07-04,0.3333333333333333
645,2019-07-03,0.5
646,2019-07-02,0.0
647,2019-07-01,0.3333333333333333
648,2019-06-30,0.3333333333333333
649,2019-06-29,0.0
650,2019-06-28,0.16666666666666666
651,2019-06-27,0.8
652,2019-06-26,0.3333333333333333
653,2019-06-25,0.6666666666666666
654,2019-06-24,0.2222222222222222
655,2019-06-23,0.2
656,2019-06-22,0.0
657,2019-06-21,0.0
658,2019-06-20,0.4
659,2019-06-19,0.0
660,2019-06-18,0.16666666666666666
661,2019-06-17,0.0
662,2019-06-16,0.0
663,2019-06-15,-0.3333333333333333
664,2019-06-14,0.0
665,2019-06-13,0.16666666666666666
666,2019-06-12,0.5
667,2019-06-11,0.0
668,2019-06-10,0.25
669,2019-06-09,0.3333333333333333
670,2019-06-08,0.0
671,2019-06-07,0.42857142857142855
672,2019-06-06,0.0
673,2019-06-05,0.3333333333333333
674,2019-06-04,0.25
675,2019-06-03,0.6
676,2019-06-02,0.25
677,2019-06-01,0.0
678,2019-05-31,0.5714285714285714
679,2019-05-30,0.6
680,2019-05-29,0.0
681,2019-05-28,0.5
682,2019-05-27,0.42857142857142855
683,2019-05-26,0.0
684,2019-05-25,0.0
685,2019-05-24,0.14285714285714285
686,2019-05-23,0.2727272727272727
687,2019-05-22,0.3333333333333333
688,2019-05-21,0.0
689,2019-05-20,0.6666666666666666
690,2019-05-19,0.0
691,2019-05-17,0.6666666666666666
692,2019-05-16,0.2
693,2019-05-15,0.5
694,2019-05-14,0.0
695,2019-05-12,0.6666666666666666
696,2019-05-11,-0.5
697,2019-05-10,1.0
698,2019-05-09,-0.2
699,2019-05-08,-0.2
700,2019-05-07,-0.5
701,2019-05-06,0.0
702,2019-05-05,0.5
703,2019-05-03,-0.6666666666666666
704,2019-05-02,0.3333333333333333
705,2019-04-30,-1.0
706,2019-04-29,0.5
707,2019-04-28,1.0
708,2019-04-27,-0.25
709,2019-04-26,0.0
710,2019-04-25,-0.5
711,2019-04-24,0.8
712,2019-04-23,0.5
713,2019-04-22,0.0
714,2019-04-21,0.0
715,2019-04-20,0.3333333333333333
716,2019-04-18,0.3333333333333333
717,2019-04-17,0.0
718,2019-04-16,0.6666666666666666
719,2019-04-15,0.6666666666666666
720,2019-04-14,0.25
721,2019-04-12,0.0
722,2019-04-11,0.16666666666666666
723,2019-04-10,0.2
724,2019-04-09,0.5
725,2019-04-08,0.0
726,2019-04-07,0.0
727,2019-04-06,1.0
728,2019-04-05,0.5
729,2019-04-04,0.25
730,2019-04-03,0.375
731,2019-04-02,0.2
732,2019-04-01,0.2857142857142857
733,2019-03-31,0.5714285714285714
734,2019-03-29,0.5714285714285714
735,2019-03-28,0.14285714285714285
736,2019-03-27,0.3333333333333333
737,2019-03-26,0.75
738,2019-03-25,0.0
739,2019-03-24,0.0
740,2019-03-23,0.0
741,2019-03-22,0.0
742,2019-03-21,0.6666666666666666
743,2019-03-20,0.0
744,2019-03-19,0.75
745,2019-03-18,0.0
746,2019-03-17,0.3333333333333333
747,2019-03-16,0.5
748,2019-03-15,0.5714285714285714
749,2019-03-14,0.3333333333333333
750,2019-03-13,0.25
751,2019-03-12,0.7142857142857143
752,2019-03-11,0.5
753,2019-03-10,0.25
754,2019-03-08,-0.2
755,2019-03-07,0.2
756,2019-03-06,0.5
757,2019-03-05,0.25
758,2019-03-04,0.2
759,2019-03-03,0.6
760,2019-03-01,0.42857142857142855
761,2019-02-28,-0.14285714285714285
762,2019-02-27,0.3333333333333333
763,2019-02-26,0.0
764,2019-02-25,0.4
765,2019-02-24,-0.3333333333333333
766,2019-02-22,0.5
767,2019-02-21,1.0
768,2019-02-20,0.0
769,2019-02-19,0.0
770,2019-02-18,-0.2727272727272727
771,2019-02-17,0.0
772,2019-02-15,0.0
773,2019-02-14,-0.75
774,2019-02-13,0.2
775,2019-02-12,-0.3333333333333333
776,2019-02-11,-0.4
777,2019-02-10,0.0
778,2019-02-08,-1.0
779,2019-02-06,0.3333333333333333
780,2019-02-04,0.5
781,2019-02-03,0.0
782,2019-02-01,0.0
783,2019-01-31,-0.5
784,2019-01-30,0.5
785,2019-01-29,0.5
786,2019-01-28,-0.4
787,2019-01-27,0.0
788,2019-01-25,0.0
789,2019-01-24,-0.16666666666666666
790,2019-01-23,0.14285714285714285
791,2019-01-22,0.14285714285714285
792,2019-01-21,0.3333333333333333
793,2019-01-20,0.0
794,2019-01-19,0.5
795,2019-01-18,0.5714285714285714
796,2019-01-17,0.625
797,2019-01-16,0.4
798,2019-01-15,0.3333333333333333
799,2019-01-14,-0.2
800,2019-01-13,0.0
801,2019-01-12,0.3333333333333333
802,2019-01-11,0.0
803,2019-01-10,0.3333333333333333
804,2019-01-09,0.2857142857142857
805,2019-01-08,0.5
806,2019-01-07,0.5
807,2019-01-06,0.0
808,2019-01-05,0.0
809,2019-01-04,0.5
810,2019-01-03,-0.5
811,2019-01-02,-0.25
812,2019-01-01,0.0
813,2018-12-31,0.15384615384615385
814,2018-12-30,0.0
815,2018-12-28,0.42857142857142855
816,2018-12-27,0.2857142857142857
817,2018-12-26,0.14285714285714285
818,2018-12-25,0.0
819,2018-12-24,0.3333333333333333
820,2018-12-23,0.0
821,2018-12-22,-0.25
822,2018-12-21,-0.2
823,2018-12-20,-0.6666666666666666
824,2018-12-19,0.4
825,2018-12-18,0.16666666666666666
826,2018-12-17,0.375
827,2018-12-16,0.3333333333333333
828,2018-12-15,1.0
829,2018-12-14,0.42857142857142855
830,2018-12-13,0.5
831,2018-12-12,0.5
832,2018-12-11,0.0
833,2018-12-10,-0.3
834,2018-12-09,0.6666666666666666
835,2018-12-08,0.0
836,2018-12-07,0.5714285714285714
837,2018-12-06,-0.2857142857142857
838,2018-12-05,0.0
839,2018-12-04,0.25
840,2018-12-03,0.0
841,2018-12-02,0.2
842,2018-12-01,0.5
843,2018-11-30,0.6
844,2018-11-29,0.7142857142857143
845,2018-11-28,0.25
846,2018-11-27,0.5555555555555556
847,2018-11-26,-0.16666666666666666
848,2018-11-25,0.0
849,2018-11-24,0.0
850,2018-11-23,-0.5
851,2018-11-22,0.2727272727272727
852,2018-11-21,0.16666666666666666
853,2018-11-20,-0.36363636363636365
854,2018-11-19,0.0
855,2018-11-18,0.0
856,2018-11-17,0.0
857,2018-11-16,0.42857142857142855
858,2018-11-15,0.09090909090909091
859,2018-11-14,-0.17857142857142858
860,2018-11-13,0.05555555555555555
861,2018-11-12,0.36363636363636365
862,2018-11-11,0.2
863,2018-11-10,0.6666666666666666
864,2018-11-09,0.7142857142857143
865,2018-11-08,-0.2
866,2018-11-07,0.5
867,2018-11-06,0.3333333333333333
868,2018-11-05,0.42857142857142855
869,2018-11-04,0.2857142857142857
870,2018-11-03,0.0
871,2018-11-02,0.5
872,2018-11-01,0.0
873,2018-10-31,0.25
874,2018-10-30,0.05263157894736842
875,2018-10-29,0.26666666666666666
876,2018-10-26,0.14285714285714285
877,2018-10-25,0.22727272727272727
878,2018-10-24,0.0
879,2018-10-23,0.25
880,2018-10-22,-0.5
881,2018-10-21,0.0
882,2018-10-19,0.0
883,2018-10-18,0.0
884,2018-10-17,-0.25
885,2018-10-16,0.625
886,2018-10-15,0.2857142857142857
887,2018-10-14,0.3333333333333333
888,2018-10-13,0.6
889,2018-10-12,0.4
890,2018-10-11,-0.25
891,2018-10-10,0.0
892,2018-10-09,0.3333333333333333
893,2018-10-08,0.4444444444444444
894,2018-10-07,0.3333333333333333
895,2018-10-06,0.0
896,2018-10-05,-0.14285714285714285
897,2018-10-04,-0.4444444444444444
898,2018-10-03,0.5
899,2018-10-02,-0.16666666666666666
900,2018-10-01,0.0
901,2018-09-28,-0.5
902,2018-09-27,0.2
903,2018-09-26,0.0
904,2018-09-25,0.14285714285714285
905,2018-09-24,-0.25
906,2018-09-23,0.4
907,2018-09-22,0.0
908,2018-09-21,0.25
909,2018-09-20,0.0
910,2018-09-19,0.3333333333333333
911,2018-09-18,-0.14285714285714285
912,2018-09-17,0.25
913,2018-09-16,0.6666666666666666
914,2018-09-14,0.3333333333333333
915,2018-09-13,1.0
916,2018-09-12,0.2
917,2018-09-11,0.5
918,2018-09-10,0.0
919,2018-09-09,0.0
920,2018-09-08,0.0
921,2018-09-07,0.16666666666666666
922,2018-09-06,0.2857142857142857
923,2018-09-05,0.0
924,2018-09-04,-0.5
925,2018-09-03,-0.25
926,2018-09-02,0.3333333333333333
927,2018-09-01,1.0
928,2018-08-31,0.0
929,2018-08-30,0.5
930,2018-08-29,0.4
931,2018-08-28,0.5
932,2018-08-27,0.5
933,2018-08-25,0.2
934,2018-08-24,-0.2
935,2018-08-23,-0.16666666666666666
936,2018-08-22,1.0
937,2018-08-21,0.25
938,2018-08-20,0.2222222222222222
939,2018-08-19,0.0
940,2018-08-18,0.0
941,2018-08-17,0.4
942,2018-08-16,0.0
943,2018-08-15,0.5
944,2018-08-14,0.2857142857142857
945,2018-08-13,0.4444444444444444
946,2018-08-12,0.6666666666666666
947,2018-08-11,0.6666666666666666
948,2018-08-10,0.0
949,2018-08-09,0.5
950,2018-08-08,0.3333333333333333
951,2018-08-07,0.3333333333333333
952,2018-08-06,0.0
953,2018-08-03,-0.5
954,2018-08-02,-0.25
955,2018-08-01,0.4
956,2018-07-31,0.0
957,2018-07-30,0.1
958,2018-07-29,0.5
959,2018-07-28,0.25
960,2018-07-27,0.6666666666666666
961,2018-07-26,0.5
962,2018-07-25,0.16666666666666666
963,2018-07-24,0.125
964,2018-07-23,0.2
965,2018-07-22,0.0
966,2018-07-21,0.0
967,2018-07-20,0.0
968,2018-07-19,0.3333333333333333
969,2018-07-18,0.25
970,2018-07-17,0.3333333333333333
971,2018-07-16,0.2222222222222222
972,2018-07-15,0.5
973,2018-07-14,0.6
974,2018-07-13,0.0
975,2018-07-12,0.16666666666666666
976,2018-07-11,0.3333333333333333
977,2018-07-10,1.0
978,2018-07-09,0.45454545454545453
979,2018-07-08,0.2
980,2018-07-06,0.0
981,2018-07-05,0.0
982,2018-07-04,0.6
983,2018-07-03,0.0
984,2018-07-02,0.125
985,2018-06-30,0.0
986,2018-06-29,0.0
987,2018-06-28,0.0
988,2018-06-27,0.0
989,2018-06-26,-0.3333333333333333
990,2018-06-25,0.6666666666666666
991,2018-06-24,0.5
992,2018-06-23,-1.0
993,2018-06-22,0.625
994,2018-06-21,0.0
995,2018-06-20,-0.14285714285714285
996,2018-06-19,0.0
997,2018-06-18,0.375
998,2018-06-17,0.25
999,2018-06-16,0.0
1000,2018-06-15,0.5
1001,2018-06-14,0.0
1002,2018-06-13,0.0
1003,2018-06-12,0.3333333333333333
1004,2018-06-11,0.0
1005,2018-06-08,0.0
1006,2018-06-07,1.0
1007,2018-06-06,-1.0
1008,2018-06-05,0.16666666666666666
1009,2018-06-04,0.0
1010,2018-06-03,0.6666666666666666
1011,2018-06-02,-0.2857142857142857
1012,2018-06-01,0.0
1013,2018-05-31,0.5
1014,2018-05-30,0.0
1015,2018-05-29,0.25
1016,2018-05-28,0.3333333333333333
1017,2018-05-27,0.0
1018,2018-05-26,0.0
1019,2018-05-25,0.7142857142857143
1020,2018-05-24,0.08333333333333333
1021,2018-05-23,-0.3333333333333333
1022,2018-05-22,0.25
1023,2018-05-21,0.2
1024,2018-05-20,-0.4
1025,2018-05-19,0.0
1026,2018-05-18,-0.1111111111111111
1027,2018-05-17,0.0
1028,2018-05-16,0.4
1029,2018-05-15,0.0
1030,2018-05-14,0.14285714285714285
1031,2018-05-12,0.6666666666666666
1032,2018-05-11,-0.25
1033,2018-05-10,0.14285714285714285
1034,2018-05-09,0.2
1035,2018-05-08,0.6666666666666666
1036,2018-05-07,0.5714285714285714
1037,2018-05-06,-0.5
1038,2018-05-05,-0.3333333333333333
1039,2018-05-04,0.0
1040,2018-05-03,-0.3
1041,2018-05-02,-0.07692307692307693
1042,2018-04-30,0.75
1043,2018-04-27,0.16666666666666666
1044,2018-04-26,0.3333333333333333
1045,2018-04-25,0.36363636363636365
1046,2018-04-24,0.5555555555555556
1047,2018-04-23,0.5
1048,2018-04-22,0.25
1049,2018-04-21,0.5
1050,2018-04-20,0.8571428571428571
1051,2018-04-19,0.7777777777777778
1052,2018-04-18,0.375
1053,2018-04-17,0.4166666666666667
1054,2018-04-16,0.3333333333333333
1055,2018-04-15,0.5
1056,2018-04-14,0.4
1057,2018-04-13,0.5
1058,2018-04-12,0.8571428571428571
1059,2018-04-11,0.4444444444444444
1060,2018-04-10,0.09090909090909091
1061,2018-04-09,0.7272727272727273
1062,2018-04-08,0.0
1063,2018-04-07,0.3333333333333333
1064,2018-04-06,0.4444444444444444
1065,2018-04-05,0.625
1066,2018-04-04,-0.2
1067,2018-04-03,0.3333333333333333
1068,2018-04-02,0.6666666666666666
1069,2018-03-31,0.5
1070,2018-03-30,0.5
1071,2018-03-29,1.0
1072,2018-03-28,0.0
1073,2018-03-27,0.6
1074,2018-03-26,0.625
1075,2018-03-25,0.3333333333333333
1076,2018-03-24,-0.25
1077,2018-03-23,-0.3333333333333333
1078,2018-03-22,0.0
1079,2018-03-21,0.0
1080,2018-03-20,0.2
1081,2018-03-19,-0.14285714285714285
1082,2018-03-17,0.0
1083,2018-03-16,0.0
1084,2018-03-15,0.2
1085,2018-03-14,0.0
1086,2018-03-13,0.0
1087,2018-03-12,1.0
1088,2018-03-11,0.5
1089,2018-03-10,-0.3333333333333333
1090,2018-03-09,-0.3333333333333333
1091,2018-03-08,0.3333333333333333
1092,2018-03-07,-0.25
1093,2018-03-06,-0.14285714285714285
1094,2018-03-05,0.0
1095,2018-02-28,-0.6666666666666666
1096,2018-02-26,0.0
1097,2018-02-21,0.0
1098,2018-02-20,0.6
1099,2018-02-19,0.2857142857142857
1100,2018-02-18,0.0
1101,2018-02-17,0.4
1102,2018-02-16,0.0
1103,2018-02-15,0.0
1104,2018-02-14,0.0
1105,2018-02-13,0.0
1106,2018-02-12,0.4
1107,2018-02-10,0.0
1108,2018-02-09,-0.4
1109,2018-02-08,0.4
1110,2018-02-07,0.0
1111,2018-02-06,-0.09523809523809523
1112,2018-02-05,0.0
1113,2018-02-04,0.3333333333333333
1114,2018-02-02,0.6666666666666666
1115,2018-02-01,0.0
1116,2018-01-31,0.0
1117,2018-01-30,0.25
1118,2018-01-25,0.5
1119,2018-01-24,0.0
1120,2018-01-23,0.3333333333333333
1121,2018-01-22,0.0
1122,2018-01-19,0.5
1123,2018-01-18,0.0
1124,2018-01-16,0.0
1125,2018-01-15,0.0
1126,2018-01-14,0.25
1127,2018-01-12,0.5
1128,2018-01-10,0.0
1129,2018-01-09,-0.3333333333333333
1130,2018-01-08,0.5
1131,2018-01-05,0.6666666666666666
1132,2018-01-04,0.0
1133,2018-01-02,0.0
1134,2017-12-31,0.5
1135,2017-12-29,1.0
1136,2017-12-28,0.0
1137,2017-12-27,0.3333333333333333
1138,2017-12-26,0.0
1139,2017-12-25,0.3333333333333333
1140,2017-12-22,1.0
1141,2017-12-21,0.0
1142,2017-12-20,0.5
1143,2017-12-18,1.0
1144,2017-12-13,0.0
1145,2017-12-06,0.0
1146,2017-11-27,0.0
1147,2017-11-26,0.0
1148,2017-11-25,1.0
1149,2017-11-24,0.0
1150,2017-11-11,0.5
1151,2017-11-10,0.5
1152,2017-11-08,0.5
1153,2017-11-06,0.5
1154,2017-11-05,0.0
1155,2017-11-03,0.6666666666666666
1156,2017-11-02,0.25
1157,2017-11-01,0.0
1158,2017-10-31,-1.0
1159,2017-10-30,0.0
1160,2017-10-25,0.0
1161,2017-10-24,0.5
1162,2017-10-21,-0.3333333333333333
1163,2017-10-18,0.0
1164,2017-10-17,0.5
1165,2017-10-16,0.25
1166,2017-10-15,0.0
1167,2017-10-14,-1.0
1168,2017-10-13,0.0
1169,2017-10-12,0.0
1170,2017-10-11,0.42857142857142855
1171,2017-10-10,0.5
1172,2017-10-09,0.5
1173,2017-10-08,0.0
1174,2017-10-05,0.3
1175,2017-10-04,0.5714285714285714
1176,2017-10-03,0.0
1177,2017-10-02,0.0
1178,2017-10-01,0.0
1179,2017-09-29,1.0
1180,2017-09-28,1.0
1181,2017-09-26,0.0
1182,2017-09-25,0.0
1183,2017-09-24,0.0
1184,2017-09-22,-0.14285714285714285
1185,2017-09-21,-0.125
1186,2017-09-20,0.0
1187,2017-09-19,0.14285714285714285
1188,2017-09-18,0.35714285714285715
1189,2017-09-17,0.0
1190,2017-09-16,-0.5
1191,2017-09-15,-0.2857142857142857
1192,2017-09-14,0.18181818181818182
1193,2017-09-13,-0.1111111111111111
1194,2017-09-12,0.4
1195,2017-09-11,0.14285714285714285
1196,2017-09-10,0.0
1197,2017-09-09,0.0
1198,2017-09-08,0.36363636363636365
1199,2017-09-07,0.46153846153846156
1200,2017-09-06,-0.09090909090909091
1201,2017-09-05,0.18181818181818182
1202,2017-09-04,-0.09090909090909091
1203,2017-09-03,0.0
1204,2017-09-02,0.0
1205,2017-09-01,0.125
1206,2017-08-31,0.23076923076923078
1207,2017-08-30,0.2
1208,2017-08-29,-0.4166666666666667
1209,2017-08-28,0.45454545454545453
1210,2017-08-27,0.5
1211,2017-08-26,0.0
1212,2017-08-24,0.4444444444444444
1213,2017-08-23,0.4166666666666667
1214,2017-08-22,-0.1
1215,2017-08-21,0.09090909090909091
1216,2017-08-20,0.0
1217,2017-08-19,-0.5
1218,2017-08-18,-0.1
1219,2017-08-17,0.2
1220,2017-08-16,0.42857142857142855
1221,2017-08-15,0.0
1222,2017-08-14,0.3333333333333333
1223,2017-08-13,0.0
1224,2017-08-11,0.25
1225,2017-08-10,-0.08333333333333333
1226,2017-08-09,-0.2
1227,2017-08-08,-0.1
1228,2017-08-07,0.15384615384615385
1229,2017-08-06,-0.25
1230,2017-08-05,0.0
1231,2017-08-04,0.1
1232,2017-08-03,0.2857142857142857
1233,2017-08-02,-0.2
1234,2017-08-01,-0.09090909090909091
1235,2017-07-31,0.45454545454545453
1236,2017-07-30,0.0
1237,2017-07-28,-0.09090909090909091
1238,2017-07-27,0.07692307692307693
1239,2017-07-26,0.5
1240,2017-07-25,0.07142857142857142
1241,2017-07-24,0.07692307692307693
1242,2017-07-23,0.0
1243,2017-07-22,0.0
1244,2017-07-21,0.3
1245,2017-07-20,0.0
1246,2017-07-19,0.14285714285714285
1247,2017-07-18,0.0
1248,2017-07-17,0.21428571428571427
1249,2017-07-16,0.0
1250,2017-07-14,0.25
1251,2017-07-13,0.21428571428571427
1252,2017-07-12,0.08333333333333333
1253,2017-07-11,0.1
1254,2017-07-10,0.16
1255,2017-07-09,0.0
1256,2017-07-08,0.0
1257,2017-07-07,0.08333333333333333
1258,2017-07-06,0.4117647058823529
1259,2017-07-05,0.3333333333333333
1260,2017-07-04,0.0
1261,2017-07-03,0.3333333333333333
1262,2017-07-02,0.0
1263,2017-07-01,0.0
1264,2017-06-30,0.23076923076923078
1265,2017-06-29,0.3333333333333333
1266,2017-06-28,0.0
1267,2017-06-27,0.2727272727272727
1268,2017-06-26,0.0
1269,2017-06-25,0.0
1270,2017-06-24,0.3333333333333333
1271,2017-06-23,-0.07142857142857142
1272,2017-06-22,0.2
1273,2017-06-21,-0.21428571428571427
1274,2017-06-20,0.2
1275,2017-06-19,0.0
1276,2017-06-17,-0.5
1277,2017-06-16,-0.1111111111111111
1278,2017-06-15,-0.2
1279,2017-06-14,0.25
1280,2017-06-13,0.18181818181818182
1281,2017-06-12,-0.08333333333333333
1282,2017-06-11,0.0
1283,2017-06-10,0.25
1284,2017-06-09,0.23076923076923078
1285,2017-06-08,0.25
1286,2017-06-07,0.4666666666666667
1287,2017-06-06,0.25
1288,2017-06-05,0.5
1289,2017-06-04,0.0
1290,2017-06-03,0.0
1291,2017-06-02,0.38461538461538464
1292,2017-06-01,0.15384615384615385
1293,2017-05-31,0.11764705882352941
1294,2017-05-30,0.18181818181818182
1295,2017-05-29,0.0
1296,2017-05-28,0.0
1297,2017-05-27,0.0
1298,2017-05-26,0.07142857142857142
1299,2017-05-25,0.14285714285714285
1300,2017-05-24,0.0
1301,2017-05-23,-0.16666666666666666
1302,2017-05-22,0.2
1303,2017-05-21,0.0
1304,2017-05-20,0.0
1305,2017-05-19,-0.08333333333333333
1306,2017-05-18,-0.2
1307,2017-05-17,0.0
1308,2017-05-16,0.18181818181818182
1309,2017-05-15,0.2
1310,2017-05-14,0.0
1311,2017-05-13,-0.25
1312,2017-05-12,0.23076923076923078
1313,2017-05-11,0.13333333333333333
1314,2017-05-10,0.07142857142857142
1315,2017-05-09,0.1
1316,2017-05-08,0.1875
1317,2017-05-06,0.3333333333333333
1318,2017-05-05,-0.3333333333333333
1319,2017-05-04,0.13333333333333333
1320,2017-05-03,0.0
1321,2017-05-02,0.1
1322,2017-05-01,0.0
1323,2017-04-29,0.5
1324,2017-04-28,0.1111111111111111
1325,2017-04-27,0.13333333333333333
1326,2017-04-26,0.07142857142857142
1327,2017-04-25,0.36363636363636365
1328,2017-04-24,0.125
1329,2017-04-23,0.0
1330,2017-04-21,0.125
1331,2017-04-20,0.0625
1332,2017-04-19,-0.23076923076923078
1333,2017-04-18,0.07692307692307693
1334,2017-04-17,0.08333333333333333
1335,2017-04-15,0.3333333333333333
1336,2017-04-13,-0.14285714285714285
1337,2017-04-12,-0.07142857142857142
1338,2017-04-11,0.25
1339,2017-04-10,0.25
1340,2017-04-09,0.0
1341,2017-04-08,0.0
1342,2017-04-07,-0.08333333333333333
1343,2017-04-06,-0.125
1344,2017-04-05,0.2857142857142857
1345,2017-04-04,0.2
1346,2017-04-03,0.2222222222222222
1347,2017-04-02,0.0
1348,2017-04-01,-0.3333333333333333
1349,2017-03-31,0.0
1350,2017-03-30,0.18181818181818182
1351,2017-03-29,0.18181818181818182
1352,2017-03-28,0.2727272727272727
1353,2017-03-27,0.07142857142857142
1354,2017-03-26,0.0
1355,2017-03-25,0.3333333333333333
1356,2017-03-24,0.1111111111111111
1357,2017-03-23,0.21428571428571427
1358,2017-03-22,-0.25
1359,2017-03-21,-0.3333333333333333
1360,2017-03-20,-0.09090909090909091
1361,2017-03-18,0.3333333333333333
1362,2017-03-17,0.29411764705882354
1363,2017-03-16,0.5454545454545454
1364,2017-03-15,-0.08333333333333333
1365,2017-03-14,0.3333333333333333
1366,2017-03-13,0.0
1367,2017-03-12,0.0
1368,2017-03-11,1.0
1369,2017-03-10,0.25
1370,2017-03-09,-0.125
1371,2017-03-08,-0.1
1372,2017-03-07,-0.2
1373,2017-03-06,0.38461538461538464
1374,2017-03-04,-1.0
1375,2017-03-03,-0.3125
1376,2017-03-02,0.3333333333333333
1377,2017-03-01,0.35714285714285715
1378,2017-02-28,-0.06666666666666667
1379,2017-02-27,-0.06666666666666667
1380,2017-02-25,0.0
1381,2017-02-24,0.0
1382,2017-02-23,0.25
1383,2017-02-22,0.3684210526315789
1384,2017-02-21,0.21428571428571427
1385,2017-02-20,0.4
1386,2017-02-18,0.0
1387,2017-02-17,0.3333333333333333
1388,2017-02-16,0.35714285714285715
1389,2017-02-15,-0.2857142857142857
1390,2017-02-14,0.0
1391,2017-02-13,0.14285714285714285
1392,2017-02-11,0.0
1393,2017-02-10,0.25
1394,2017-02-09,0.5
1395,2017-02-08,-0.11764705882352941
1396,2017-02-07,0.06666666666666667
1397,2017-02-06,0.4666666666666667
1398,2017-02-04,0.0
1399,2017-02-03,0.0
1400,2017-02-02,0.06666666666666667
1401,2017-02-01,0.12903225806451613
1402,2017-01-31,-0.1875
1403,2017-01-30,-0.15384615384615385
1404,2017-01-28,0.0
1405,2017-01-27,0.26666666666666666
1406,2017-01-25,0.16666666666666666
1407,2017-01-24,0.13333333333333333
1408,2017-01-23,-0.13333333333333333
1409,2017-01-21,0.0
1410,2017-01-20,-0.4666666666666667
1411,2017-01-19,0.06666666666666667
1412,2017-01-18,0.1875
1413,2017-01-17,0.0625
1414,2017-01-16,0.0
1415,2017-01-14,1.0
1416,2017-01-13,0.16666666666666666
1417,2017-01-12,0.35714285714285715
1418,2017-01-11,0.3125
1419,2017-01-10,0.5
1420,2017-01-09,0.07692307692307693
1421,2017-01-08,0.0
1422,2017-01-07,0.0
1423,2017-01-06,0.15384615384615385
1424,2017-01-05,0.5714285714285714
1425,2017-01-04,0.15384615384615385
1426,2017-01-03,0.21428571428571427
1427,2017-01-02,-0.16666666666666666
1428,2017-01-01,0.0
1429,2016-12-30,0.25
1430,2016-12-29,0.2
1431,2016-12-28,0.08333333333333333
1432,2016-12-27,0.25
1433,2016-12-26,-0.0625
1434,2016-12-23,-0.07692307692307693
1435,2016-12-22,-0.14285714285714285
1436,2016-12-21,0.14285714285714285
1437,2016-12-20,-0.06666666666666667
1438,2016-12-19,-0.07692307692307693
1439,2016-12-17,1.0
1440,2016-12-16,-0.35714285714285715
1441,2016-12-15,-0.13333333333333333
1442,2016-12-14,-0.13333333333333333
1443,2016-12-13,0.21428571428571427
1444,2016-12-12,-0.3333333333333333
1445,2016-12-10,0.0
1446,2016-12-09,0.46153846153846156
1447,2016-12-08,0.5384615384615384
1448,2016-12-07,0.07142857142857142
1449,2016-12-06,0.07142857142857142
1450,2016-12-05,-0.3076923076923077
1451,2016-12-02,-0.25
1452,2016-12-01,0.2857142857142857
1453,2016-11-30,0.3333333333333333
1454,2016-11-29,0.2727272727272727
1455,2016-11-28,0.0
1456,2016-11-25,0.5833333333333334
1457,2016-11-24,-0.3
1458,2016-11-23,0.25
1459,2016-11-22,0.5833333333333334
1460,2016-11-21,-0.4166666666666667
1461,2016-11-19,0.0
1462,2016-11-18,-0.15384615384615385
1463,2016-11-17,0.15384615384615385
1464,2016-11-16,0.36363636363636365
1465,2016-11-15,-0.07692307692307693
1466,2016-11-14,-1.0
1467,2016-11-11,-0.3333333333333333
1468,2016-11-10,0.6666666666666666
1469,2016-11-09,0.07142857142857142
1470,2016-11-08,0.25
1471,2016-11-07,0.6153846153846154
1472,2016-11-05,0.0
1473,2016-11-04,-0.4
1474,2016-11-03,-0.21428571428571427
1475,2016-11-02,-0.46153846153846156
1476,2016-11-01,-0.2727272727272727
1477,2016-10-30,0.0
1478,2016-10-28,0.0
1479,2016-10-27,-0.16666666666666666
1480,2016-10-26,-0.38461538461538464
1481,2016-10-25,-0.18181818181818182
1482,2016-10-24,0.21428571428571427
1483,2016-10-21,-0.25
1484,2016-10-20,0.5454545454545454
1485,2016-10-19,0.3333333333333333
1486,2016-10-18,0.5
1487,2016-10-17,-0.18181818181818182
1488,2016-10-14,-0.08333333333333333
1489,2016-10-13,-0.2727272727272727
1490,2016-10-10,0.36363636363636365
1491,2016-10-09,0.0
1492,2016-10-07,-0.2727272727272727
1493,2016-10-06,0.16666666666666666
1494,2016-10-05,0.15384615384615385
1495,2016-10-04,0.25
1496,2016-10-03,0.15384615384615385
1497,2016-09-30,-0.09090909090909091
1498,2016-09-29,0.0
1499,2016-09-28,-0.16666666666666666
1500,2016-09-27,1.0
1501,2016-07-21,-0.1111111111111111
1502,2016-07-20,0.3076923076923077
1503,2016-07-19,0.3
1504,2016-07-18,0.18181818181818182
1505,2016-07-15,-0.08333333333333333
1506,2016-07-14,0.18181818181818182
1507,2016-07-13,0.0
1508,2016-07-12,0.4166666666666667
1509,2016-07-11,0.6363636363636364
1510,2016-07-08,-0.07692307692307693
1511,2016-07-07,-0.08333333333333333
1512,2016-07-05,-0.3333333333333333
1513,2016-07-04,0.23076923076923078
1514,2016-07-02,0.0
1515,2016-07-01,0.36363636363636365
1516,2016-06-30,0.5833333333333334
1517,2016-06-29,0.6666666666666666
1518,2016-06-28,0.23076923076923078
1519,2016-06-27,0.0
1520,2016-06-24,-0.25
1521,2016-06-23,0.23076923076923078
1522,2016-06-22,-0.18181818181818182
1523,2016-06-21,0.0
1524,2016-06-20,0.25
1525,2016-06-19,0.0
1526,2016-06-18,0.0
1527,2016-06-17,0.2727272727272727
1528,2016-06-16,-0.15384615384615385
1529,2016-06-15,0.23076923076923078
1530,2016-06-14,-0.42857142857142855
1531,2016-06-13,-0.15384615384615385
1532,2016-06-10,-0.07692307692307693
1533,2016-06-09,-0.1
1534,2016-06-08,0.23076923076923078
1535,2016-06-07,0.25
1536,2016-06-06,0.2222222222222222
1537,2016-06-03,0.4
1538,2016-06-02,-0.1
1539,2016-06-01,0.45454545454545453
1540,2016-05-31,0.2727272727272727
1541,2016-05-30,0.3333333333333333
1542,2016-05-27,0.6
1543,2016-05-26,0.5454545454545454
1544,2016-05-25,0.45454545454545453
1545,2016-05-24,-0.07692307692307693
1546,2016-05-23,0.45454545454545453
1547,2016-05-20,0.0
1548,2016-05-19,-0.4
1549,2016-05-18,-0.3
1550,2016-05-17,0.4
1551,2016-05-16,-0.16666666666666666
1552,2016-05-15,0.0
1553,2016-05-13,-0.5
1554,2016-05-12,0.1
1555,2016-05-11,0.125
1556,2016-05-10,0.2222222222222222
1557,2016-05-09,0.5
1558,2016-05-06,0.0
1559,2016-05-05,0.5555555555555556
1560,2016-05-04,-0.4444444444444444
1561,2016-05-03,0.0
1562,2016-05-02,-0.4444444444444444
1563,2016-04-29,-0.1111111111111111
1564,2016-04-28,-0.25
1565,2016-04-27,0.14285714285714285
1566,2016-04-26,-0.16666666666666666
1567,2016-04-25,-0.3333333333333333
1568,2016-04-22,-0.1111111111111111
1569,2016-04-21,0.125
1570,2016-04-20,0.2
1571,2016-04-18,0.6363636363636364
1572,2016-04-13,0.6
1573,2016-04-12,0.3333333333333333
1574,2016-04-11,0.3076923076923077
1575,2016-04-09,0.0
1576,2016-04-08,0.18181818181818182
1577,2016-04-07,-0.2727272727272727
1578,2016-04-06,0.2727272727272727
1579,2016-04-05,-0.18181818181818182
1580,2016-04-04,0.2
1581,2016-04-01,0.0
1582,2016-03-31,0.2
1583,2016-03-30,0.9090909090909091
1584,2016-03-29,-0.09090909090909091
1585,2016-03-28,-0.45454545454545453
1586,2016-03-23,-0.2727272727272727
1587,2016-03-22,0.2222222222222222
1588,2016-03-21,0.6
1589,2016-03-18,0.36363636363636365
1590,2016-03-17,0.6
1591,2016-03-16,0.1111111111111111
1592,2016-03-15,-0.16666666666666666
1593,2016-03-14,0.4444444444444444
1594,2016-03-11,0.375
1595,2016-03-10,-0.09090909090909091
1596,2016-03-09,-0.18181818181818182
1597,2016-03-08,0.1
1598,2016-03-07,1.0
1599,2016-03-04,0.2857142857142857
1600,2016-03-03,0.5454545454545454
1601,2016-03-02,0.8
1602,2016-03-01,0.36363636363636365
1603,2016-02-29,-0.2727272727272727
1604,2016-02-26,0.4
1605,2016-02-25,-0.3
1606,2016-02-24,-0.36363636363636365
1607,2016-02-23,-0.1
1608,2016-02-22,0.16666666666666666
1609,2016-02-20,0.0
1610,2016-02-19,0.3
1611,2016-02-18,0.1
1612,2016-02-17,-0.1111111111111111
1613,2016-02-16,-0.1
1614,2016-02-15,0.6363636363636364
1615,2016-02-13,-1.0
1616,2016-02-12,-0.08333333333333333
1617,2016-02-11,-0.09090909090909091
1618,2016-02-10,-0.625
1619,2016-02-09,-0.16666666666666666
1620,2016-02-08,0.09090909090909091
1621,2016-02-05,0.2727272727272727
1622,2016-02-04,0.5
1623,2016-02-03,-0.2222222222222222
1624,2016-02-02,-0.09090909090909091
1625,2016-02-01,0.375
1626,2016-01-29,0.1111111111111111
1627,2016-01-28,0.1
1628,2016-01-27,0.4
1629,2016-01-25,0.5454545454545454
1630,2016-01-22,0.5
1631,2016-01-21,-0.09090909090909091
1632,2016-01-20,-0.09090909090909091
1633,2016-01-19,0.4444444444444444
1634,2016-01-18,0.0
1635,2016-01-17,-1.0
1636,2016-01-15,-0.2
1637,2016-01-14,0.25
1638,2016-01-13,0.5
1639,2016-01-12,-0.4444444444444444
1640,2016-01-11,-0.4
1641,2016-01-08,0.4
1642,2016-01-07,-0.45454545454545453
1643,2016-01-06,0.0
1644,2016-01-05,0.36363636363636365
1645,2016-01-04,-0.5
1646,2016-01-01,-0.25
1647,2015-12-31,0.0
1648,2015-12-30,0.1
1649,2015-12-29,0.3333333333333333
1650,2015-12-28,0.5
1651,2015-12-24,0.125
1652,2015-12-23,0.8571428571428571
1653,2015-12-22,0.0
1654,2015-12-21,0.1
1655,2015-12-19,0.0
1656,2015-12-18,-0.625
1657,2015-12-17,0.5555555555555556
1658,2015-12-16,0.6666666666666666
1659,2015-12-15,0.2222222222222222
1660,2015-12-14,-0.18181818181818182
1661,2015-12-11,-0.1
1662,2015-12-10,0.3
1663,2015-12-09,-0.36363636363636365
1664,2015-12-08,-0.5454545454545454
1665,2015-12-07,-0.2
1666,2015-12-04,-0.25
1667,2015-12-03,-0.6363636363636364
1668,2015-12-02,-0.09090909090909091
1669,2015-12-01,0.18181818181818182
1670,2015-11-30,0.0
1671,2015-11-27,0.09090909090909091
1672,2015-11-26,0.09090909090909091
1673,2015-11-25,0.0
1674,2015-11-24,0.0
1675,2015-11-23,0.1111111111111111
1676,2015-11-20,0.375
1677,2015-11-19,0.5555555555555556
1678,2015-11-18,-0.5555555555555556
1679,2015-11-17,0.0
1680,2015-11-16,0.3333333333333333
1681,2015-11-13,-0.5454545454545454
1682,2015-11-11,0.0
1683,2015-11-10,-0.3
1684,2015-11-09,-0.07692307692307693
1685,2015-11-08,-1.0
1686,2015-11-06,0.1
1687,2015-11-05,-0.18181818181818182
1688,2015-11-04,0.3333333333333333
1689,2015-11-03,0.4
1690,2015-11-02,-0.3333333333333333
1691,2015-11-01,0.0
1692,2015-10-30,-0.18181818181818182
1693,2015-10-29,-0.45454545454545453
1694,2015-10-28,-0.4444444444444444
1695,2015-10-27,-0.5
1696,2015-10-26,0.09090909090909091
1697,2015-10-23,0.36363636363636365
1698,2015-10-21,0.18181818181818182
1699,2015-10-20,0.1
1700,2015-10-19,0.4166666666666667
1701,2015-10-16,0.3333333333333333
1702,2015-10-15,0.5454545454545454
1703,2015-10-14,-0.4444444444444444
1704,2015-10-13,0.0
1705,2015-10-12,-0.1111111111111111
1706,2015-10-10,0.0
1707,2015-10-09,0.4166666666666667
1708,2015-10-08,-0.15384615384615385
1709,2015-10-07,0.3
1710,2015-10-06,0.2727272727272727
1711,2015-10-05,0.5
1712,2015-10-01,0.3333333333333333
1713,2015-09-30,0.36363636363636365
1714,2015-09-29,0.2222222222222222
1715,2015-09-28,-0.09090909090909091
1716,2015-09-24,-0.1111111111111111
1717,2015-09-23,0.09090909090909091
1718,2015-09-22,0.0
1719,2015-09-21,-0.36363636363636365
1720,2015-09-18,0.5454545454545454
1721,2015-09-16,0.5
1722,2015-09-15,-0.16666666666666666
1723,2015-09-14,0.5
1724,2015-09-12,0.0
1725,2015-09-11,0.5
1726,2015-09-10,-0.16666666666666666
1727,2015-09-09,0.46153846153846156
1728,2015-09-08,0.45454545454545453
1729,2015-09-07,-0.46153846153846156
1730,2015-09-04,-0.4166666666666667
1731,2015-09-03,0.6666666666666666
1732,2015-09-02,-0.08333333333333333
1733,2015-09-01,-0.5
1734,2015-08-31,-0.2857142857142857
1735,2015-08-30,0.0
1736,2015-08-28,0.6363636363636364
1737,2015-08-27,0.7272727272727273
1738,2015-08-26,-0.16666666666666666
1739,2015-08-25,0.3333333333333333
1740,2015-08-24,-0.4
1741,2015-08-21,-0.45454545454545453
1742,2015-08-20,-0.2222222222222222
1743,2015-08-19,0.09090909090909091
1744,2015-08-18,0.18181818181818182
1745,2015-08-17,0.16666666666666666
1746,2015-08-14,0.7
1747,2015-08-13,0.2
1748,2015-08-12,-0.3333333333333333
1749,2015-08-11,-0.07692307692307693
1750,2015-08-10,0.16666666666666666
1751,2015-08-09,0.0
1752,2015-08-07,-0.08333333333333333
1753,2015-08-06,-0.18181818181818182
1754,2015-08-05,0.5
1755,2015-08-04,-0.3
1756,2015-08-03,0.15384615384615385
1757,2015-07-31,0.3333333333333333
1758,2015-07-30,0.5
1759,2015-07-29,0.38461538461538464
1760,2015-07-28,0.07692307692307693
1761,2015-07-27,-0.5
1762,2015-07-24,-0.5
1763,2015-07-23,-0.08333333333333333
1764,2015-07-22,0.3333333333333333
1765,2015-07-21,-0.375
1766,2015-07-20,-0.16666666666666666
1767,2015-07-17,0.3076923076923077
1768,2015-07-16,0.6
1769,2015-07-15,0.5833333333333334
1770,2015-07-14,-0.25
1771,2015-07-13,0.1
1772,2015-07-12,0.0
1773,2015-07-10,0.46153846153846156
1774,2015-07-09,-0.3333333333333333
1775,2015-07-08,-0.25
1776,2015-07-07,0.0
1777,2015-07-06,-0.2
1778,2015-07-03,0.2727272727272727
1779,2015-07-02,0.18181818181818182
1780,2015-07-01,0.3076923076923077
1781,2015-06-30,0.18181818181818182
1782,2015-06-29,-0.08333333333333333
1783,2015-06-26,-0.5
1784,2015-06-25,0.2
1785,2015-06-24,0.25
1786,2015-06-23,0.3333333333333333
1787,2015-06-22,0.5454545454545454
1788,2015-06-21,0.0
1789,2015-06-20,0.0
1790,2015-06-19,0.6
1791,2015-06-18,0.38461538461538464
1792,2015-06-17,0.6
1793,2015-06-16,-0.4
1794,2015-06-15,0.3333333333333333
1795,2015-06-12,-0.2857142857142857
1796,2015-06-11,0.0
1797,2015-06-10,0.36363636363636365
1798,2015-06-09,-0.14285714285714285
1799,2015-06-08,-0.5
1800,2015-06-05,-0.15384615384615385
1801,2015-06-04,-0.08333333333333333
1802,2015-06-03,-0.3333333333333333
1803,2015-06-02,-0.08333333333333333
1804,2015-06-01,0.0
1805,2015-05-29,0.3
1806,2015-05-28,0.0
1807,2015-05-27,0.1111111111111111
1808,2015-05-26,-0.1111111111111111
1809,2015-05-25,0.25
1810,2015-05-22,0.0
1811,2015-05-21,0.2
1812,2015-05-20,0.46153846153846156
1813,2015-05-19,-0.2222222222222222
1814,2015-05-18,0.6363636363636364
1815,2015-05-15,0.7272727272727273
1816,2015-05-14,-0.3333333333333333
1817,2015-05-13,0.23076923076923078
1818,2015-05-12,-0.25
1819,2015-05-11,0.6363636363636364
1820,2015-05-10,0.0
1821,2015-05-08,0.6
1822,2015-05-07,-0.36363636363636365
1823,2015-05-06,-0.2
1824,2015-05-05,0.0
1825,2015-05-04,0.4
1826,2015-04-30,-0.38461538461538464
1827,2015-04-29,-0.15384615384615385
1828,2015-04-28,0.3076923076923077
1829,2015-04-27,-0.3333333333333333
1830,2015-04-25,0.0
1831,2015-04-24,0.0
1832,2015-04-23,0.16666666666666666
1833,2015-04-22,0.08333333333333333
1834,2015-04-21,-0.07692307692307693
1835,2015-04-20,-0.3
1836,2015-04-18,-1.0
1837,2015-04-17,-0.45454545454545453
1838,2015-04-16,0.23076923076923078
1839,2015-04-15,0.0
1840,2015-04-13,0.2857142857142857
1841,2015-04-10,0.0
1842,2015-04-09,0.5
1843,2015-04-08,0.4166666666666667
1844,2015-04-07,0.23076923076923078
1845,2015-04-06,0.25
1846,2015-04-02,0.0
1847,2015-04-01,0.4
1848,2015-03-31,0.3333333333333333
1849,2015-03-30,0.5
1850,2015-03-28,1.0
1851,2015-03-27,0.16666666666666666
1852,2015-03-26,-0.1111111111111111
1853,2015-03-25,0.2
1854,2015-03-24,0.0
1855,2015-03-23,0.09090909090909091
1856,2015-03-20,-0.21428571428571427
1857,2015-03-19,0.14285714285714285
1858,2015-03-18,-0.16666666666666666
1859,2015-03-17,0.6923076923076923
1860,2015-03-16,0.0
1861,2015-03-13,-0.07692307692307693
1862,2015-03-12,0.7142857142857143
1863,2015-03-11,-0.2
1864,2015-03-10,-0.07692307692307693
1865,2015-03-09,-0.14285714285714285
1866,2015-03-05,0.0
1867,2015-03-04,0.06666666666666667
1868,2015-03-03,0.1111111111111111
1869,2015-03-02,0.3076923076923077
1870,2015-02-28,0.14285714285714285
1871,2015-02-27,0.46153846153846156
1872,2015-02-26,-0.07142857142857142
1873,2015-02-25,0.46153846153846156
1874,2015-02-24,0.15384615384615385
1875,2015-02-23,0.15384615384615385
1876,2015-02-20,0.14285714285714285
1877,2015-02-19,0.2857142857142857
1878,2015-02-18,0.5
1879,2015-02-17,0.0
1880,2015-02-16,0.4166666666666667
1881,2015-02-15,0.0
1882,2015-02-13,0.75
1883,2015-02-12,-0.08333333333333333
1884,2015-02-11,0.25
1885,2015-02-10,0.3333333333333333
1886,2015-02-09,-0.2
1887,2015-02-06,-0.15384615384615385
1888,2015-02-05,0.0
1889,2015-02-04,-0.3
1890,2015-02-03,-0.09090909090909091
1891,2015-02-02,0.0
1892,2015-01-30,-0.18181818181818182
1893,2015-01-29,-0.5454545454545454
1894,2015-01-28,0.0
1895,2015-01-27,0.45454545454545453
1896,2015-01-23,0.4166666666666667
1897,2015-01-22,0.5833333333333334
1898,2015-01-21,0.46153846153846156
1899,2015-01-20,0.5833333333333334
1900,2015-01-19,0.5454545454545454
1901,2015-01-17,0.0
1902,2015-01-16,0.2727272727272727
1903,2015-01-15,0.09090909090909091
1904,2015-01-14,0.25
1905,2015-01-13,0.38461538461538464
1906,2015-01-12,-0.18181818181818182
1907,2015-01-09,0.7142857142857143
1908,2015-01-08,0.9
1909,2015-01-07,-0.18181818181818182
1910,2015-01-06,-0.3333333333333333
1911,2015-01-05,0.0
1912,2015-01-04,0.0
1913,2015-01-03,0.0
1914,2015-01-02,0.5
1915,2015-01-01,0.23076923076923078
1916,2014-12-31,0.16666666666666666
1917,2014-12-30,-0.09090909090909091
1918,2014-12-29,0.25
1919,2014-12-26,0.2727272727272727
1920,2014-12-24,0.15384615384615385
1921,2014-12-23,0.2857142857142857
1922,2014-12-22,0.3333333333333333
1923,2014-12-19,0.6153846153846154
1924,2014-12-18,0.5384615384615384
1925,2014-12-17,-0.07692307692307693
1926,2014-12-16,-0.23076923076923078
1927,2014-12-15,0.0
1928,2014-12-12,0.07692307692307693
1929,2014-12-11,-0.15384615384615385
1930,2014-12-10,0.23076923076923078
1931,2014-12-09,-0.15384615384615385
1932,2014-12-08,-0.21428571428571427
1933,2014-12-05,0.0
1934,2014-12-04,0.3333333333333333
1935,2014-12-03,0.3333333333333333
1936,2014-12-02,-0.5
1937,2014-12-01,-0.07692307692307693
1938,2014-11-29,0.0
1939,2014-11-28,0.16666666666666666
1940,2014-11-27,0.25
1941,2014-11-26,-0.5
1942,2014-11-25,-0.25
1943,2014-11-24,0.3
1944,2014-11-21,0.2857142857142857
1945,2014-11-20,0.2
1946,2014-11-19,0.5
1947,2014-11-18,0.0
1948,2014-11-17,-0.5
1949,2014-11-14,0.0
1950,2014-11-13,0.0
1951,2014-11-12,0.5714285714285714
1952,2014-11-11,0.38461538461538464
1953,2014-11-10,0.2857142857142857
1954,2014-11-07,0.1
1955,2014-11-06,0.0
1956,2014-11-05,0.0
1957,2014-11-04,1.0
1958,2014-11-03,0.2727272727272727
1959,2014-10-31,0.45454545454545453
1960,2014-10-30,0.0
1961,2014-10-29,0.45454545454545453
1962,2014-10-28,0.2222222222222222
1963,2014-10-27,0.0
1964,2014-10-23,-0.5
1965,2014-10-22,0.3333333333333333
1966,2014-10-21,0.45454545454545453
1967,2014-10-20,0.4
1968,2014-10-19,0.0
1969,2014-10-17,0.35714285714285715
1970,2014-10-16,-0.07692307692307693
1971,2014-10-14,0.14285714285714285
1972,2014-10-13,0.0
1973,2014-10-11,0.0
1974,2014-10-10,-0.3125
1975,2014-10-09,0.26666666666666666
1976,2014-10-08,-0.2727272727272727
1977,2014-10-07,0.0
1978,2014-10-01,0.0
1979,2014-09-30,0.0
1980,2014-09-26,0.0
1981,2014-09-25,1.0
1982,2014-09-23,0.0
1983,2014-09-19,0.0
1984,2014-09-18,0.0
1985,2014-09-17,0.2222222222222222
1986,2014-09-16,-0.36363636363636365
1987,2014-09-15,-0.5384615384615384
1988,2014-09-14,0.0
1989,2014-09-12,-0.07692307692307693
1990,2014-09-11,-0.16666666666666666
1991,2014-09-10,-0.4166666666666667
1992,2014-09-09,-0.15384615384615385
1993,2014-09-08,0.21428571428571427
1994,2014-09-05,0.1
1995,2014-09-04,-0.3333333333333333
1996,2014-09-03,0.3076923076923077
1997,2014-09-02,0.15384615384615385
1998,2014-09-01,0.4166666666666667
1999,2014-08-30,0.0
2000,2014-08-28,0.29411764705882354
2001,2014-08-27,0.5384615384615384
2002,2014-08-26,-0.08333333333333333
2003,2014-08-25,0.21428571428571427
2004,2014-08-22,0.3333333333333333
2005,2014-08-21,0.2
2006,2014-08-20,0.0
2007,2014-08-19,-0.25
2008,2014-08-13,0.0
2009,2014-08-12,1.0
2010,2014-08-06,0.0
2011,2014-08-05,-1.0
2012,2014-08-01,-1.0
2013,2014-07-31,0.0
2014,2014-07-29,0.0
2015,2014-07-28,0.0
2016,2014-07-24,0.0
2017,2014-07-23,0.0
2018,2014-07-21,0.0
2019,2014-07-17,1.0
2020,2014-07-16,1.0
2021,2014-07-15,0.0
2022,2014-07-14,0.0
2023,2014-07-11,0.0
2024,2014-07-09,0.0
2025,2014-07-08,0.5
2026,2014-07-07,1.0
2027,2014-07-04,1.0
2028,2014-07-03,0.0
2029,2014-07-02,0.0
2030,2014-07-01,0.0
2031,2014-06-28,0.0
2032,2014-06-27,0.0
2033,2014-06-26,0.0
2034,2014-06-24,0.0
2035,2014-06-23,0.0
2036,2014-06-20,0.0
2037,2014-06-18,0.0
2038,2014-06-16,0.0
2039,2014-06-13,0.0
2040,2014-06-12,0.0
2041,2014-06-11,0.0
2042,2014-06-10,0.0
2043,2014-06-05,0.0
2044,2014-06-04,0.0
2045,2014-06-03,0.0
2046,2014-06-02,0.0
2047,2014-05-30,0.0
2048,2014-05-29,1.0
2049,2014-05-28,0.0
2050,2014-05-27,0.0
2051,2014-05-26,0.0
2052,2014-05-23,0.0
2053,2014-05-22,0.0
2054,2014-05-20,0.0
2055,2014-05-19,0.0
2056,2014-05-14,0.0
2057,2014-05-13,0.0
2058,2014-05-12,0.0
2059,2014-05-09,0.0
2060,2014-05-08,-1.0
2061,2014-05-07,0.0
2062,2014-05-06,0.0
2063,2014-05-05,0.0
2064,2014-05-02,-1.0
2065,2014-04-30,-1.0
2066,2014-04-29,0.0
2067,2014-04-28,0.0
2068,2014-04-23,0.0
2069,2014-04-22,0.0
2070,2014-04-21,0.0
2071,2014-04-17,0.0
2072,2014-04-16,0.0
2073,2014-04-15,0.0
2074,2014-04-10,0.0
2075,2014-04-09,1.0
2076,2014-04-07,0.0
2077,2014-04-03,0.0
2078,2014-04-02,0.0
2079,2014-04-01,0.0
2080,2014-03-31,0.0
2081,2014-03-27,0.0
2082,2014-03-26,0.0
2083,2014-03-25,0.0
2084,2014-03-24,0.0
2085,2014-03-20,0.0
2086,2014-03-18,0.5
2087,2014-03-14,0.0
2088,2014-03-13,0.1
2089,2014-03-12,-0.08333333333333333
2090,2014-03-11,0.16666666666666666
2091,2014-03-10,0.0
2092,2014-03-07,0.2857142857142857
2093,2014-03-06,0.4
2094,2014-03-05,0.5
2095,2014-03-04,0.1
2096,2014-03-03,-0.3333333333333333
2097,2014-03-01,0.0
2098,2014-02-28,0.46153846153846156
2099,2014-02-27,0.0
2100,2014-02-26,0.07692307692307693
2101,2014-02-25,0.0
2102,2014-02-24,-0.36363636363636365
2103,2014-02-21,0.4
2104,2014-02-20,-0.25
2105,2014-02-19,0.09090909090909091
2106,2014-02-18,0.21428571428571427
2107,2014-02-17,0.4166666666666667
2108,2014-02-14,0.3333333333333333
2109,2014-02-13,-0.4444444444444444
2110,2014-02-12,0.36363636363636365
2111,2014-02-11,0.0
2112,2014-02-10,0.18181818181818182
2113,2014-02-07,0.5
2114,2014-02-06,0.16666666666666666
2115,2014-02-05,0.09090909090909091
2116,2014-02-04,-0.2727272727272727
2117,2014-02-03,-0.7142857142857143
2118,2014-02-01,0.0
2119,2014-01-31,0.36363636363636365
2120,2014-01-30,-0.3076923076923077
2121,2014-01-29,0.5
2122,2014-01-28,-0.3333333333333333
2123,2014-01-27,-0.2727272727272727
2124,2014-01-25,0.0
2125,2014-01-24,-0.23076923076923078
2126,2014-01-23,0.0
2127,2014-01-22,0.18181818181818182
2128,2014-01-21,0.3
2129,2014-01-20,0.0
2130,2014-01-18,1.0
2131,2014-01-17,-0.2
2132,2014-01-16,0.0
2133,2014-01-15,0.4
2134,2014-01-14,-0.3333333333333333
2135,2014-01-13,0.6
2136,2014-01-10,0.09090909090909091
2137,2014-01-09,-0.3
2138,2014-01-08,0.08333333333333333
2139,2014-01-07,-0.36363636363636365
2140,2014-01-06,-0.5
2141,2014-01-04,0.0
2142,2014-01-03,-0.16666666666666666
2143,2014-01-02,0.09090909090909091
2144,2014-01-01,0.5
2145,2013-12-31,0.25
2146,2013-12-30,-0.07692307692307693
2147,2013-12-28,0.0
2148,2013-12-27,0.0
2149,2013-12-26,0.08333333333333333
2150,2013-12-24,0.3
2151,2013-12-23,0.4166666666666667
2152,2013-12-21,0.0
2153,2013-12-20,0.2857142857142857
2154,2013-12-19,-0.16666666666666666
2155,2013-12-18,0.09090909090909091
2156,2013-12-17,-0.07692307692307693
2157,2013-12-16,0.1111111111111111
2158,2013-12-14,0.0
2159,2013-12-13,-0.23076923076923078
2160,2013-12-12,-0.18181818181818182
2161,2013-12-11,-0.36363636363636365
2162,2013-12-10,-0.1
2163,2013-12-09,0.5555555555555556
2164,2013-12-08,-0.25
2165,2013-12-07,0.0
2166,2013-12-06,-0.18181818181818182
2167,2013-12-05,0.35294117647058826
2168,2013-12-04,-0.14285714285714285
2169,2013-12-03,-0.3333333333333333
2170,2013-12-02,0.5384615384615384
2171,2013-11-30,0.0
2172,2013-11-29,0.7272727272727273
2173,2013-11-28,0.5
2174,2013-11-27,-0.23076923076923078
2175,2013-11-26,-0.25
2176,2013-11-25,0.23076923076923078
2177,2013-11-22,0.07142857142857142
2178,2013-11-21,-0.5
2179,2013-11-20,-0.36363636363636365
2180,2013-11-19,0.45454545454545453
2181,2013-11-18,0.2857142857142857
2182,2013-11-16,-0.5
2183,2013-11-14,0.36363636363636365
2184,2013-11-13,0.18181818181818182
2185,2013-11-12,-0.3333333333333333
2186,2013-11-11,-0.18181818181818182
2187,2013-11-09,-1.0
2188,2013-11-08,-0.3333333333333333
2189,2013-11-07,-0.2
2190,2013-11-06,-0.5
2191,2013-11-05,-0.08333333333333333
2192,2013-11-03,0.0
2193,2013-11-02,0.0
2194,2013-11-01,0.23529411764705882
2195,2013-10-31,0.0
2196,2013-10-30,0.5
2197,2013-10-29,0.42857142857142855
2198,2013-10-28,0.07692307692307693
2199,2013-10-26,0.0
2200,2013-10-25,0.0
2201,2013-10-24,-0.36363636363636365
2202,2013-10-23,-0.5833333333333334
2203,2013-10-22,0.0
2204,2013-10-21,0.3333333333333333
2205,2013-10-19,1.0
2206,2013-10-18,0.6153846153846154
2207,2013-10-17,-0.38461538461538464
2208,2013-10-15,-0.15384615384615385
2209,2013-10-14,0.25
2210,2013-10-12,0.0
2211,2013-10-11,0.5714285714285714
2212,2013-10-10,0.0
2213,2013-10-09,0.42857142857142855
2214,2013-10-08,0.29411764705882354
2215,2013-10-07,-0.375
2216,2013-10-04,0.17647058823529413
2217,2013-10-03,0.5
2218,2013-10-01,0.058823529411764705
2219,2013-09-30,-0.14285714285714285
2220,2013-09-29,0.0
2221,2013-09-27,-0.1111111111111111
2222,2013-09-26,0.1875
2223,2013-09-25,-0.22727272727272727
2224,2013-09-24,-0.125
2225,2013-09-23,-0.2857142857142857
2226,2013-09-20,-0.21428571428571427
2227,2013-09-19,0.29411764705882354
2228,2013-09-18,0.1111111111111111
2229,2013-09-17,-0.058823529411764705
2230,2013-09-16,0.09523809523809523
2231,2013-09-14,0.0
2232,2013-09-13,0.125
2233,2013-09-12,-0.14285714285714285
2234,2013-09-11,0.0
2235,2013-09-10,0.5833333333333334
2236,2013-09-07,0.5
2237,2013-09-06,0.35714285714285715
2238,2013-09-05,0.47058823529411764
2239,2013-09-04,0.25
2240,2013-09-03,-0.19047619047619047
2241,2013-09-02,0.2222222222222222
2242,2013-08-30,-0.05263157894736842
2243,2013-08-29,0.2
2244,2013-08-28,-0.09090909090909091
2245,2013-08-27,-0.2857142857142857
2246,2013-08-26,0.15384615384615385
2247,2013-08-23,0.35714285714285715
2248,2013-08-22,0.0
2249,2013-08-21,0.0625
2250,2013-08-20,0.08333333333333333
2251,2013-08-19,-0.2
2252,2013-08-17,-1.0
2253,2013-08-16,-0.07692307692307693
2254,2013-08-14,0.08333333333333333
2255,2013-08-13,0.46153846153846156
2256,2013-08-12,0.46153846153846156
2257,2013-08-08,0.3076923076923077
2258,2013-08-07,-0.23076923076923078
2259,2013-08-06,-0.42857142857142855
2260,2013-08-05,0.21428571428571427
2261,2013-08-02,-0.38461538461538464
2262,2013-08-01,0.0
2263,2013-07-31,0.07692307692307693
2264,2013-07-30,0.0
2265,2013-07-29,-0.14285714285714285
2266,2013-07-26,-0.4
2267,2013-07-25,-0.3076923076923077
2268,2013-07-24,-0.21428571428571427
2269,2013-07-23,0.2222222222222222
2270,2013-07-22,-0.1
2271,2013-07-21,0.0
2272,2013-07-20,-1.0
2273,2013-07-19,-0.16666666666666666
2274,2013-07-18,0.25
2275,2013-07-17,0.38461538461538464
2276,2013-07-16,-0.09090909090909091
2277,2013-07-15,0.38461538461538464
2278,2013-07-12,0.3333333333333333
2279,2013-07-11,0.25
2280,2013-07-10,-0.07692307692307693
2281,2013-07-09,0.3125
2282,2013-07-08,-0.13333333333333333
2283,2013-07-06,0.0
2284,2013-07-05,0.6363636363636364
2285,2013-07-04,0.5555555555555556
2286,2013-07-03,-0.45454545454545453
2287,2013-07-02,-0.3333333333333333
2288,2013-07-01,0.5
2289,2013-06-28,0.4
2290,2013-06-27,0.3333333333333333
2291,2013-06-26,0.1
2292,2013-06-25,0.36363636363636365
2293,2013-06-24,-0.6363636363636364
2294,2013-06-21,0.1
2295,2013-06-20,-0.3333333333333333
2296,2013-06-19,0.0
2297,2013-06-18,0.0
2298,2013-06-17,0.0
2299,2013-06-14,0.5833333333333334
2300,2013-06-13,-0.3333333333333333
2301,2013-06-12,-0.4166666666666667
2302,2013-06-11,-0.4
2303,2013-06-10,-0.09090909090909091
2304,2013-06-08,-1.0
2305,2013-06-07,0.625
2306,2013-06-06,-0.2727272727272727
2307,2013-06-05,-0.14285714285714285
2308,2013-06-04,0.125
2309,2013-06-03,-0.4166666666666667
2310,2013-05-31,-0.3
2311,2013-05-30,0.2
2312,2013-05-29,-0.125
2313,2013-05-28,0.3
2314,2013-05-27,0.2727272727272727
2315,2013-05-25,0.0
2316,2013-05-24,0.08333333333333333
2317,2013-05-23,-0.5555555555555556
2318,2013-05-22,0.0
2319,2013-05-21,-0.07142857142857142
2320,2013-05-20,0.09090909090909091
2321,2013-05-17,0.2
2322,2013-05-16,0.38461538461538464
2323,2013-05-15,0.3125
2324,2013-05-14,0.3076923076923077
2325,2013-05-13,-0.35714285714285715
2326,2013-05-11,1.0
2327,2013-05-10,0.26666666666666666
2328,2013-05-09,0.25
2329,2013-05-08,0.25
2330,2013-05-07,0.375
2331,2013-05-06,0.18181818181818182
2332,2013-05-03,-0.2
2333,2013-05-02,0.23076923076923078
2334,2013-04-30,0.08333333333333333
2335,2013-04-29,0.4444444444444444
2336,2013-04-26,0.125
2337,2013-04-25,0.42857142857142855
2338,2013-04-23,-0.07692307692307693
2339,2013-04-22,0.07692307692307693
2340,2013-04-18,0.18181818181818182
2341,2013-04-17,0.21428571428571427
2342,2013-04-16,0.4166666666666667
2343,2013-04-15,0.08333333333333333
2344,2013-04-12,-0.4
2345,2013-04-11,0.2
2346,2013-04-10,0.06666666666666667
2347,2013-04-09,0.13333333333333333
2348,2013-04-08,0.0
2349,2013-04-07,0.0
2350,2013-04-06,0.0
2351,2013-04-05,0.07692307692307693
2352,2013-04-04,-0.125
2353,2013-04-03,-0.09090909090909091
2354,2013-04-02,0.2
2355,2013-04-01,0.0
2356,2013-03-31,1.0
2357,2013-03-28,-0.25
2358,2013-03-26,-0.25
2359,2013-03-25,0.38461538461538464
2360,2013-03-22,0.0
2361,2013-03-21,0.15384615384615385
2362,2013-03-20,-0.15384615384615385
2363,2013-03-19,0.0
2364,2013-03-18,0.1
2365,2013-03-17,0.0
2366,2013-03-15,0.16666666666666666
2367,2013-03-14,0.13333333333333333
2368,2013-03-13,-0.3076923076923077
2369,2013-03-12,0.0
2370,2013-03-11,0.2727272727272727
2371,2013-03-09,0.0
2372,2013-03-08,0.3333333333333333
2373,2013-03-07,0.21428571428571427
2374,2013-03-06,0.4
2375,2013-03-05,0.6
2376,2013-03-04,-0.15384615384615385
2377,2013-03-01,0.36363636363636365
2378,2013-02-28,-0.42857142857142855
2379,2013-02-27,-0.08695652173913043
2380,2013-02-26,-0.4
2381,2013-02-25,-0.09090909090909091
2382,2013-02-24,0.0
2383,2013-02-23,0.0
2384,2013-02-22,0.0
2385,2013-02-21,-0.36363636363636365
2386,2013-02-20,0.07692307692307693
2387,2013-02-19,0.1111111111111111
2388,2013-02-18,-0.25
2389,2013-02-15,-0.5
2390,2013-02-14,-0.08333333333333333
2391,2013-02-13,-0.14285714285714285
2392,2013-02-12,-0.25
2393,2013-02-11,0.16666666666666666
2394,2013-02-10,0.3333333333333333
2395,2013-02-08,0.0
2396,2013-02-07,-0.2
2397,2013-02-06,0.3
2398,2013-02-05,-0.42857142857142855
2399,2013-02-04,0.18181818181818182
2400,2013-02-03,0.0
2401,2013-02-02,0.0
2402,2013-02-01,-0.1
2403,2013-01-31,-0.375
2404,2013-01-30,0.3333333333333333
2405,2013-01-29,0.2727272727272727
2406,2013-01-28,0.38461538461538464
2407,2013-01-25,0.0
2408,2013-01-24,-0.25
2409,2013-01-23,0.0
2410,2013-01-22,0.09090909090909091
2411,2013-01-21,0.25
2412,2013-01-18,0.5555555555555556
2413,2013-01-17,0.2222222222222222
2414,2013-01-16,0.1
2415,2013-01-15,0.125
2416,2013-01-14,0.2222222222222222
2417,2013-01-12,-0.5
2418,2013-01-11,0.18181818181818182
2419,2013-01-10,0.375
2420,2013-01-09,0.1
2421,2013-01-08,-0.2857142857142857
2422,2013-01-07,-0.1
2423,2013-01-06,0.0
2424,2013-01-05,-0.3333333333333333
2425,2013-01-04,-0.14285714285714285
2426,2013-01-03,0.6666666666666666
2427,2013-01-02,0.4166666666666667
2428,2013-01-01,0.375
2429,2012-12-31,-0.4
2430,2012-12-30,0.0
2431,2012-12-28,0.0
2432,2012-12-27,0.2727272727272727
2433,2012-12-26,0.25
2434,2012-12-24,0.2222222222222222
2435,2012-12-21,0.0
2436,2012-12-20,-0.125
2437,2012-12-19,0.2857142857142857
2438,2012-12-18,0.3333333333333333
2439,2012-12-17,0.2
2440,2012-12-15,1.0
2441,2012-12-14,0.45454545454545453
2442,2012-12-13,-0.09090909090909091
2443,2012-12-12,-0.2
2444,2012-12-11,0.2222222222222222
2445,2012-12-10,0.16666666666666666
2446,2012-12-09,0.3333333333333333
2447,2012-12-08,1.0
2448,2012-12-07,0.0
2449,2012-12-06,-0.16666666666666666
2450,2012-12-05,0.14285714285714285
2451,2012-12-04,0.4444444444444444
2452,2012-12-03,0.25
2453,2012-12-02,0.0
2454,2012-12-01,1.0
2455,2012-11-30,0.2222222222222222
2456,2012-11-29,0.125
2457,2012-11-28,0.0
2458,2012-11-27,0.2857142857142857
2459,2012-11-26,0.375
2460,2012-11-25,0.0
2461,2012-11-23,-0.1111111111111111
2462,2012-11-22,0.42857142857142855
2463,2012-11-21,0.3333333333333333
2464,2012-11-20,-0.1111111111111111
2465,2012-11-19,0.0
2466,2012-11-17,-1.0
2467,2012-11-16,0.2222222222222222
2468,2012-11-15,-0.09090909090909091
2469,2012-11-13,0.0
2470,2012-11-12,0.4444444444444444
2471,2012-11-11,0.0
2472,2012-11-10,0.0
2473,2012-11-09,-0.375
2474,2012-11-08,-0.4444444444444444
2475,2012-11-07,0.3
2476,2012-11-06,0.375
2477,2012-11-05,0.0
2478,2012-11-03,0.0
2479,2012-11-02,0.5555555555555556
2480,2012-11-01,0.3333333333333333
2481,2012-10-31,0.2222222222222222
2482,2012-10-30,-0.1111111111111111
2483,2012-10-29,0.25
2484,2012-10-26,-0.25
2485,2012-10-25,0.375
2486,2012-10-23,0.18181818181818182
2487,2012-10-22,-0.125
2488,2012-10-20,0.0
2489,2012-10-19,-0.2
2490,2012-10-18,0.08333333333333333
2491,2012-10-17,0.1
2492,2012-10-16,0.2222222222222222
2493,2012-10-15,-0.2222222222222222
2494,2012-10-14,-0.25
2495,2012-10-12,-0.1111111111111111
2496,2012-10-11,-0.2222222222222222
2497,2012-10-10,-0.5555555555555556
2498,2012-10-09,0.3
2499,2012-10-08,-0.3
2500,2012-10-06,0.0
2501,2012-10-05,-0.25
2502,2012-10-04,-0.1111111111111111
2503,2012-10-03,0.1111111111111111
2504,2012-10-01,0.09090909090909091
2505,2012-09-30,1.0
2506,2012-09-29,0.5
2507,2012-09-28,0.3
2508,2012-09-27,0.3
2509,2012-09-26,0.18181818181818182
2510,2012-09-25,0.0
2511,2012-09-24,-0.3
2512,2012-09-22,0.5
2513,2012-09-21,0.2727272727272727
2514,2012-09-20,-0.4
2515,2012-09-18,0.1111111111111111
2516,2012-09-17,0.3333333333333333
2517,2012-09-15,0.0
2518,2012-09-14,0.4
2519,2012-09-13,0.1111111111111111
2520,2012-09-12,0.4
2521,2012-09-11,0.1111111111111111
2522,2012-09-10,0.125
2523,2012-09-09,0.3333333333333333
2524,2012-09-08,0.2
2525,2012-09-07,0.4
2526,2012-09-06,0.1
2527,2012-09-05,-0.45454545454545453
2528,2012-09-04,-0.18181818181818182
2529,2012-09-03,0.09090909090909091
2530,2012-09-01,0.0
2531,2012-08-31,-0.1
2532,2012-08-30,0.2
2533,2012-08-29,-0.3
2534,2012-08-28,0.0
2535,2012-08-27,-0.36363636363636365
2536,2012-08-24,-0.09090909090909091
2537,2012-08-23,0.5
2538,2012-08-22,-0.2
2539,2012-08-21,0.375
2540,2012-08-20,0.0
2541,2012-08-19,0.0
2542,2012-08-18,-1.0
2543,2012-08-17,0.36363636363636365
2544,2012-08-16,0.14285714285714285
2545,2012-08-14,0.125
2546,2012-08-13,-0.14285714285714285
2547,2012-08-11,-0.25
2548,2012-08-10,-0.42857142857142855
2549,2012-08-09,0.0
2550,2012-08-08,0.3333333333333333
2551,2012-08-07,0.5
