,Dates,bert_scores
0,4/16/2021,0.16666666666666666
1,4/15/2021,0.25
2,4/14/2021,0.3333333333333333
3,4/13/2021,0.2222222222222222
4,4/12/2021,-0.08333333333333333
5,4/11/2021,0.3333333333333333
6,4/10/2021,-0.5
7,4/9/2021,0.14285714285714285
8,4/8/2021,0.2857142857142857
9,4/7/2021,0.25
10,4/6/2021,0.3333333333333333
11,4/5/2021,-0.1111111111111111
12,4/4/2021,0.4
13,4/3/2021,0.6666666666666666
14,4/2/2021,0.6666666666666666
15,4/1/2021,0.5
16,3/31/2021,0.1
17,3/30/2021,0.6
18,3/29/2021,0.0
19,3/28/2021,0.0
20,3/27/2021,0.5
21,3/26/2021,0.5
22,3/25/2021,0.0
23,3/24/2021,0.0
24,3/23/2021,0.0
25,3/22/2021,0.2
26,3/21/2021,0.0
27,3/20/2021,1.0
28,3/19/2021,0.375
29,3/18/2021,-0.2222222222222222
30,3/17/2021,-0.2857142857142857
31,3/16/2021,-0.3333333333333333
32,3/15/2021,0.4
33,3/14/2021,0.0
34,3/13/2021,0.25
35,3/12/2021,-0.14285714285714285
36,3/11/2021,0.5
37,3/10/2021,0.25
38,3/9/2021,0.14285714285714285
39,3/8/2021,0.25
40,3/7/2021,0.3333333333333333
41,3/6/2021,0.3333333333333333
42,3/5/2021,0.0
43,3/4/2021,-0.125
44,3/3/2021,0.42857142857142855
45,3/2/2021,0.2727272727272727
46,3/1/2021,0.3333333333333333
47,2/28/2021,-0.2
48,2/27/2021,0.0
49,2/26/2021,-0.2
50,2/25/2021,0.2
51,2/24/2021,0.14285714285714285
52,2/23/2021,0.16666666666666666
53,2/22/2021,-0.42857142857142855
54,2/21/2021,0.0
55,2/20/2021,0.0
56,2/19/2021,0.0
57,2/18/2021,0.125
58,2/17/2021,-0.1111111111111111
59,2/16/2021,0.25
60,2/15/2021,0.2727272727272727
61,2/14/2021,0.25
62,2/13/2021,0.6666666666666666
63,2/12/2021,0.2222222222222222
64,2/11/2021,0.42857142857142855
65,2/10/2021,0.25
66,2/9/2021,0.5
67,2/8/2021,0.5555555555555556
68,2/7/2021,0.5
69,2/6/2021,0.25
70,2/5/2021,0.3333333333333333
71,2/4/2021,0.3333333333333333
72,2/3/2021,0.5
73,2/2/2021,0.5
74,2/1/2021,0.35714285714285715
75,1/31/2021,0.2
76,1/30/2021,0.25
77,1/29/2021,0.4
78,1/28/2021,0.0
79,1/27/2021,-0.1111111111111111
80,1/26/2021,0.5
81,1/25/2021,-0.125
82,1/24/2021,-0.3333333333333333
83,1/23/2021,0.0
84,1/22/2021,-0.2857142857142857
85,1/21/2021,0.0
86,1/20/2021,0.25
87,1/19/2021,0.375
88,1/18/2021,0.125
89,1/17/2021,-0.2857142857142857
90,1/16/2021,0.0
91,1/15/2021,0.0
92,1/14/2021,-0.14285714285714285
93,1/13/2021,0.38461538461538464
94,1/12/2021,0.25
95,1/11/2021,0.25
96,1/10/2021,0.2857142857142857
97,1/9/2021,0.3333333333333333
98,1/8/2021,0.3
99,1/7/2021,0.2
100,1/6/2021,-0.18181818181818182
101,1/5/2021,0.5
102,1/4/2021,0.3333333333333333
103,1/3/2021,0.16666666666666666
104,1/2/2021,0.5
105,1/1/2021,0.2857142857142857
106,12/31/2020,0.6
107,12/30/2020,0.45454545454545453
108,12/29/2020,0.4
109,12/28/2020,0.3
110,12/27/2020,0.4
111,12/26/2020,0.0
112,12/25/2020,0.25
113,12/24/2020,0.0
114,12/23/2020,0.36363636363636365
115,12/22/2020,0.0
116,12/21/2020,-0.08333333333333333
117,12/20/2020,0.0
118,12/19/2020,0.6666666666666666
119,12/18/2020,0.3333333333333333
120,12/17/2020,0.42857142857142855
121,12/16/2020,0.5
122,12/15/2020,0.0
123,12/14/2020,0.09090909090909091
124,12/13/2020,0.0
125,12/12/2020,-0.5
126,12/11/2020,0.4
127,12/10/2020,0.0
128,12/9/2020,0.7142857142857143
129,12/8/2020,0.5714285714285714
130,12/7/2020,0.3333333333333333
131,12/6/2020,0.75
132,12/5/2020,0.0
133,12/4/2020,0.2
134,12/3/2020,0.5
135,12/2/2020,0.8333333333333334
136,12/1/2020,0.7142857142857143
137,11/30/2020,1.0
138,11/29/2020,0.2
139,11/28/2020,0.42857142857142855
140,11/27/2020,0.3
141,11/26/2020,0.2222222222222222
142,11/25/2020,-0.08333333333333333
143,11/24/2020,0.36363636363636365
144,11/23/2020,0.2727272727272727
145,11/22/2020,0.0
146,11/21/2020,0.5
147,11/20/2020,1.0
148,11/19/2020,0.1111111111111111
149,11/18/2020,0.4444444444444444
150,11/17/2020,0.4444444444444444
151,11/16/2020,0.3333333333333333
152,11/15/2020,0.0
153,11/14/2020,0.375
154,11/13/2020,0.3333333333333333
155,11/12/2020,0.3333333333333333
156,11/11/2020,0.3
157,11/10/2020,0.45454545454545453
158,11/9/2020,0.5
159,11/8/2020,0.6
160,11/7/2020,0.2
161,11/6/2020,0.6
162,11/5/2020,0.3333333333333333
163,11/4/2020,0.75
164,11/3/2020,0.75
165,11/2/2020,0.75
166,11/1/2020,-0.3333333333333333
167,10/30/2020,0.0
168,10/29/2020,0.0
169,10/28/2020,-0.14285714285714285
170,10/27/2020,0.5
171,10/26/2020,-0.2727272727272727
172,10/25/2020,0.0
173,10/24/2020,0.5
174,10/23/2020,0.375
175,10/22/2020,0.0
176,10/21/2020,0.5
177,10/20/2020,0.0
178,10/19/2020,0.2727272727272727
179,10/18/2020,0.2
180,10/17/2020,0.0
181,10/16/2020,0.14285714285714285
182,10/15/2020,0.125
183,10/14/2020,0.0
184,10/13/2020,0.5
185,10/12/2020,0.125
186,10/11/2020,0.16666666666666666
187,10/10/2020,1.0
188,10/9/2020,0.1111111111111111
189,10/8/2020,0.3
190,10/7/2020,0.0
191,10/6/2020,0.5
192,10/5/2020,0.4444444444444444
193,10/4/2020,0.6
194,10/3/2020,0.6666666666666666
195,10/2/2020,0.0
196,10/1/2020,0.0
197,9/30/2020,0.5
198,9/29/2020,-0.2857142857142857
199,9/28/2020,0.8333333333333334
200,9/27/2020,-0.2
201,9/26/2020,0.0
202,9/25/2020,0.0
203,9/24/2020,0.0
204,9/23/2020,0.0
205,9/22/2020,-0.125
206,9/21/2020,-0.125
207,9/20/2020,0.3333333333333333
208,9/19/2020,0.0
209,9/18/2020,0.16666666666666666
210,9/17/2020,-0.14285714285714285
211,9/16/2020,0.6
212,9/15/2020,0.3333333333333333
213,9/14/2020,0.6
214,9/13/2020,-0.125
215,9/12/2020,0.16666666666666666
216,9/11/2020,0.3333333333333333
217,9/10/2020,0.625
218,9/9/2020,0.0
219,9/8/2020,0.14285714285714285
220,9/7/2020,0.2
221,9/6/2020,-0.2
222,9/5/2020,0.16666666666666666
223,9/4/2020,-0.5555555555555556
224,9/3/2020,0.0
225,9/2/2020,0.6666666666666666
226,9/1/2020,0.1111111111111111
227,8/31/2020,0.3
228,8/30/2020,0.3333333333333333
229,8/29/2020,0.5
230,8/28/2020,0.14285714285714285
231,8/27/2020,0.375
232,8/26/2020,0.2222222222222222
233,8/25/2020,0.2
234,8/24/2020,0.2222222222222222
235,8/23/2020,0.2
236,8/22/2020,0.5
237,8/21/2020,0.1111111111111111
238,8/20/2020,0.0
239,8/19/2020,0.2727272727272727
240,8/18/2020,0.3
241,8/17/2020,0.2727272727272727
242,8/16/2020,0.0
243,8/15/2020,0.5
244,8/14/2020,0.125
245,8/13/2020,0.2222222222222222
246,8/12/2020,0.0
247,8/11/2020,0.5714285714285714
248,8/10/2020,0.5714285714285714
249,8/9/2020,0.0
250,8/8/2020,0.3333333333333333
251,8/7/2020,0.3333333333333333
252,8/6/2020,0.5714285714285714
253,8/5/2020,0.0
254,8/4/2020,0.42857142857142855
255,8/3/2020,-0.1111111111111111
256,8/2/2020,0.0
257,8/1/2020,0.14285714285714285
258,7/31/2020,0.16666666666666666
259,7/30/2020,0.375
260,7/29/2020,0.25
261,7/28/2020,0.5
262,7/27/2020,-0.16666666666666666
263,7/26/2020,0.5
264,7/25/2020,0.6
265,7/24/2020,0.0
266,7/23/2020,0.375
267,7/22/2020,0.1
268,7/21/2020,0.4444444444444444
269,7/20/2020,0.3
270,7/19/2020,0.0
271,7/18/2020,0.5
272,7/17/2020,0.4
273,7/16/2020,0.14285714285714285
274,7/15/2020,0.4
275,7/14/2020,-0.2222222222222222
276,7/13/2020,0.36363636363636365
277,7/12/2020,0.14285714285714285
278,7/11/2020,0.5
279,7/10/2020,0.2857142857142857
280,7/9/2020,0.42857142857142855
281,7/8/2020,0.0
282,7/7/2020,0.2222222222222222
283,7/6/2020,0.5
284,7/5/2020,0.5
285,7/4/2020,0.4
286,7/3/2020,0.4444444444444444
287,7/2/2020,0.2857142857142857
288,7/1/2020,0.3
289,6/30/2020,0.375
290,6/29/2020,0.0
291,6/28/2020,0.42857142857142855
292,6/27/2020,0.75
293,6/26/2020,0.3333333333333333
294,6/25/2020,0.0
295,6/24/2020,-0.14285714285714285
296,6/23/2020,0.5
297,6/22/2020,0.8571428571428571
298,6/21/2020,0.25
299,6/20/2020,-0.1111111111111111
300,6/19/2020,0.4
301,6/18/2020,0.0
302,6/17/2020,0.125
303,6/16/2020,0.5555555555555556
304,6/15/2020,-0.16666666666666666
305,6/14/2020,0.125
306,6/13/2020,0.4
307,6/12/2020,0.0
308,6/11/2020,-0.125
309,6/10/2020,0.2727272727272727
310,6/9/2020,0.25
311,6/8/2020,0.2727272727272727
312,6/7/2020,0.3333333333333333
313,6/6/2020,-0.16666666666666666
314,6/5/2020,0.25
315,6/4/2020,0.2857142857142857
316,6/3/2020,0.5
317,6/2/2020,0.4
318,6/1/2020,0.23076923076923078
319,5/31/2020,0.0
320,5/30/2020,0.14285714285714285
321,5/29/2020,0.4
322,5/28/2020,0.5714285714285714
323,5/27/2020,0.2857142857142857
324,5/26/2020,0.2222222222222222
325,5/25/2020,0.0
326,5/24/2020,-0.6666666666666666
327,5/23/2020,0.5
328,5/22/2020,0.0
329,5/21/2020,0.4444444444444444
330,5/20/2020,-0.2
331,5/19/2020,0.2222222222222222
332,5/18/2020,0.0
333,5/17/2020,-0.2222222222222222
334,5/16/2020,-1.0
335,5/15/2020,-0.1
336,5/14/2020,-0.5
337,5/13/2020,0.375
338,5/12/2020,0.125
339,5/11/2020,-0.3333333333333333
340,5/10/2020,-0.125
341,5/9/2020,0.3333333333333333
342,5/8/2020,0.3333333333333333
343,5/7/2020,0.16666666666666666
344,5/6/2020,0.14285714285714285
345,5/5/2020,-0.3333333333333333
346,5/4/2020,-0.375
347,5/3/2020,0.25
348,5/2/2020,0.16666666666666666
349,5/1/2020,0.0
350,4/30/2020,1.0
351,4/29/2020,0.375
352,4/28/2020,0.42857142857142855
353,4/27/2020,0.18181818181818182
354,4/26/2020,-0.2857142857142857
355,4/25/2020,-1.0
356,4/24/2020,-0.1111111111111111
357,4/23/2020,0.3333333333333333
358,4/22/2020,0.5
359,4/21/2020,0.0
360,4/20/2020,0.125
361,4/19/2020,0.25
362,4/18/2020,0.3333333333333333
363,4/17/2020,0.42857142857142855
364,4/16/2020,0.42857142857142855
365,4/15/2020,0.125
366,4/14/2020,-0.5
367,4/13/2020,-0.3333333333333333
368,4/12/2020,-0.4
369,4/11/2020,0.4
370,4/10/2020,0.6
371,4/9/2020,0.5714285714285714
372,4/8/2020,0.375
373,4/7/2020,0.3333333333333333
374,4/6/2020,0.0
375,4/5/2020,0.0
376,4/4/2020,0.75
377,4/3/2020,0.0
378,4/2/2020,-0.2
379,4/1/2020,0.0
380,3/31/2020,0.2857142857142857
381,3/30/2020,-0.0625
382,3/29/2020,0.2222222222222222
383,3/28/2020,0.25
384,3/27/2020,0.3333333333333333
385,3/26/2020,0.2
386,3/25/2020,0.5
387,3/24/2020,0.2222222222222222
388,3/23/2020,-0.14285714285714285
389,3/22/2020,0.0
390,3/21/2020,-0.3333333333333333
391,3/20/2020,0.45454545454545453
392,3/19/2020,0.16666666666666666
393,3/18/2020,0.1111111111111111
394,3/17/2020,0.0
395,3/16/2020,0.0
396,3/15/2020,0.0
397,3/14/2020,0.6666666666666666
398,3/13/2020,0.38461538461538464
399,3/12/2020,0.21428571428571427
400,3/11/2020,0.5555555555555556
401,3/10/2020,0.2
402,3/9/2020,0.1111111111111111
403,3/8/2020,-0.16666666666666666
404,3/7/2020,-0.5
405,3/6/2020,0.0
406,3/5/2020,0.1111111111111111
407,3/4/2020,0.3
408,3/3/2020,0.625
409,3/2/2020,0.0
410,3/1/2020,0.0
411,2/29/2020,0.2
412,2/28/2020,-0.07692307692307693
413,2/27/2020,0.16666666666666666
414,2/26/2020,-0.125
415,2/25/2020,-0.2
416,2/24/2020,0.0
417,2/23/2020,0.5
418,2/22/2020,0.5
419,2/21/2020,0.0
420,2/20/2020,0.16666666666666666
421,2/19/2020,1.0
422,2/18/2020,-0.25
423,2/17/2020,0.1
424,2/16/2020,-0.5
425,2/15/2020,1.0
426,2/14/2020,0.2222222222222222
427,2/13/2020,0.14285714285714285
428,2/12/2020,0.6
429,2/11/2020,0.5714285714285714
430,2/10/2020,0.0
431,2/9/2020,0.0
432,2/8/2020,1.0
433,2/7/2020,0.6666666666666666
434,2/6/2020,0.0
435,2/5/2020,0.0
436,2/4/2020,0.3333333333333333
437,2/3/2020,-0.16666666666666666
438,2/2/2020,-0.25
439,2/1/2020,0.0
440,1/31/2020,0.0
441,1/30/2020,0.3333333333333333
442,1/29/2020,0.5714285714285714
443,1/28/2020,0.0
444,1/27/2020,-0.75
445,1/26/2020,0.0
446,1/25/2020,1.0
447,1/24/2020,0.2
448,1/23/2020,0.5
449,1/22/2020,0.0
450,1/21/2020,-0.16666666666666666
451,1/20/2020,0.2222222222222222
452,1/19/2020,0.0
453,1/18/2020,0.0
454,1/17/2020,-0.5
455,1/16/2020,0.5714285714285714
456,1/15/2020,-0.25
457,1/14/2020,0.4444444444444444
458,1/13/2020,0.14285714285714285
459,1/12/2020,-0.25
460,1/11/2020,0.5
461,1/10/2020,0.0
462,1/9/2020,0.75
463,1/8/2020,0.0
464,1/7/2020,0.14285714285714285
465,1/6/2020,0.0
466,1/5/2020,0.0
467,1/4/2020,0.3333333333333333
468,1/3/2020,0.3333333333333333
469,1/2/2020,0.2
470,1/1/2020,0.25
471,12/31/2019,-0.1111111111111111
472,12/30/2019,0.125
473,12/29/2019,0.25
474,12/28/2019,0.0
475,12/27/2019,0.14285714285714285
476,12/26/2019,0.3333333333333333
477,12/25/2019,0.0
478,12/24/2019,0.0
479,12/23/2019,0.0
480,12/22/2019,0.4
481,12/21/2019,0.25
482,12/20/2019,0.25
483,12/19/2019,0.14285714285714285
484,12/18/2019,0.5714285714285714
485,12/17/2019,0.4
486,12/16/2019,0.2
487,12/15/2019,0.25
488,12/14/2019,-1.0
489,12/13/2019,0.8
490,12/12/2019,0.6666666666666666
491,12/11/2019,0.0
492,12/10/2019,0.25
493,12/9/2019,0.2
494,12/8/2019,0.0
495,12/7/2019,-0.5
496,12/6/2019,-0.2
497,12/5/2019,0.2857142857142857
498,12/4/2019,1.0
499,12/3/2019,0.0
500,12/2/2019,-0.2
501,12/1/2019,-0.3333333333333333
502,11/30/2019,0.0
503,11/29/2019,0.0
504,11/28/2019,0.6666666666666666
505,11/27/2019,0.2
506,11/26/2019,0.6
507,11/25/2019,0.6666666666666666
508,11/24/2019,-0.16666666666666666
509,11/23/2019,0.5
510,11/22/2019,0.3333333333333333
511,11/21/2019,-0.5
512,11/20/2019,0.6666666666666666
513,11/19/2019,0.42857142857142855
514,11/18/2019,0.25
515,11/17/2019,0.3333333333333333
516,11/16/2019,0.5
517,11/15/2019,-0.5
518,11/14/2019,0.75
519,11/13/2019,0.16666666666666666
520,11/12/2019,0.0
521,11/11/2019,0.375
522,11/10/2019,0.14285714285714285
523,11/9/2019,0.0
524,11/8/2019,0.3333333333333333
525,11/7/2019,0.3333333333333333
526,11/6/2019,0.0
527,11/5/2019,0.3333333333333333
528,11/4/2019,0.4
529,11/3/2019,0.6666666666666666
530,11/2/2019,0.25
531,11/1/2019,0.6
532,10/31/2019,0.6666666666666666
533,10/30/2019,1.0
534,10/29/2019,0.2
535,10/28/2019,0.3333333333333333
536,10/27/2019,0.5714285714285714
537,10/26/2019,1.0
538,10/25/2019,0.5
539,10/24/2019,-0.25
540,10/23/2019,0.3333333333333333
541,10/22/2019,-0.25
542,10/21/2019,-0.5
543,10/20/2019,0.0
544,10/18/2019,0.75
545,10/17/2019,0.0
546,10/16/2019,0.6666666666666666
547,10/15/2019,0.6666666666666666
548,10/14/2019,-0.3333333333333333
549,10/13/2019,0.5
550,10/12/2019,0.0
551,10/11/2019,0.2
552,10/10/2019,0.0
553,10/9/2019,0.75
554,10/8/2019,-0.25
555,10/7/2019,-0.2
556,10/6/2019,1.0
557,10/5/2019,1.0
558,10/4/2019,-0.25
559,10/3/2019,0.0
560,10/2/2019,0.3333333333333333
561,10/1/2019,-0.2
562,9/30/2019,-0.5
563,9/29/2019,0.25
564,9/28/2019,0.0
565,9/27/2019,0.5
566,9/26/2019,0.5555555555555556
567,9/25/2019,0.3333333333333333
568,9/24/2019,0.6666666666666666
569,9/23/2019,0.25
570,9/22/2019,0.3333333333333333
571,9/20/2019,0.25
572,9/19/2019,0.0
573,9/18/2019,0.0
574,9/17/2019,-0.6
575,9/16/2019,-0.25
576,9/15/2019,0.5
577,9/14/2019,0.3333333333333333
578,9/13/2019,0.6666666666666666
579,9/12/2019,-0.3333333333333333
580,9/11/2019,-0.2
581,9/10/2019,0.3333333333333333
582,9/9/2019,1.0
583,9/7/2019,-0.5
584,9/6/2019,1.0
585,9/5/2019,0.2
586,9/4/2019,0.3333333333333333
587,9/3/2019,-1.0
588,9/2/2019,0.0
589,9/1/2019,-0.5
590,8/30/2019,0.75
591,8/29/2019,-0.5
592,8/28/2019,-0.1111111111111111
593,8/27/2019,0.16666666666666666
594,8/26/2019,0.75
595,8/25/2019,0.0
596,8/23/2019,0.2857142857142857
597,8/22/2019,-0.16666666666666666
598,8/21/2019,0.1111111111111111
599,8/20/2019,0.3333333333333333
600,8/19/2019,0.3333333333333333
601,8/18/2019,-0.3333333333333333
602,8/17/2019,0.0
603,8/16/2019,0.2857142857142857
604,8/15/2019,0.0
605,8/14/2019,0.7142857142857143
606,8/13/2019,0.3333333333333333
607,8/12/2019,0.0
608,8/11/2019,-0.5
609,8/9/2019,0.5
610,8/8/2019,0.6666666666666666
611,8/7/2019,-0.3333333333333333
612,8/6/2019,0.5
613,8/5/2019,-0.2
614,8/4/2019,-0.2
615,8/3/2019,0.0
616,8/2/2019,-0.25
617,8/1/2019,-0.5
618,7/31/2019,0.2
619,7/30/2019,0.6
620,7/29/2019,-0.2
621,7/28/2019,-0.5
622,7/27/2019,0.0
623,7/26/2019,0.0
624,7/25/2019,0.0
625,7/24/2019,-0.5
626,7/23/2019,0.0
627,7/22/2019,-0.16666666666666666
628,7/21/2019,0.0
629,7/20/2019,-0.5
630,7/19/2019,-0.5
631,7/18/2019,-0.25
632,7/17/2019,-0.1111111111111111
633,7/16/2019,0.8333333333333334
634,7/15/2019,0.3333333333333333
635,7/14/2019,0.0
636,7/13/2019,1.0
637,7/12/2019,-0.5
638,7/11/2019,0.7142857142857143
639,7/10/2019,-0.5
640,7/9/2019,0.0
641,7/8/2019,0.0
642,7/7/2019,-0.3333333333333333
643,7/5/2019,0.5
644,7/4/2019,0.3333333333333333
645,7/3/2019,0.5
646,7/2/2019,0.0
647,7/1/2019,0.3333333333333333
648,6/30/2019,0.3333333333333333
649,6/29/2019,0.0
650,6/28/2019,0.16666666666666666
651,6/27/2019,0.8
652,6/26/2019,0.3333333333333333
653,6/25/2019,0.6666666666666666
654,6/24/2019,0.2222222222222222
655,6/23/2019,0.2
656,6/22/2019,0.0
657,6/21/2019,0.0
658,6/20/2019,0.4
659,6/19/2019,0.0
660,6/18/2019,0.16666666666666666
661,6/17/2019,0.0
662,6/16/2019,0.0
663,6/15/2019,-0.3333333333333333
664,6/14/2019,0.0
665,6/13/2019,0.16666666666666666
666,6/12/2019,0.5
667,6/11/2019,0.0
668,6/10/2019,0.25
669,6/9/2019,0.3333333333333333
670,6/8/2019,0.0
671,6/7/2019,0.42857142857142855
672,6/6/2019,0.0
673,6/5/2019,0.3333333333333333
674,6/4/2019,0.25
675,6/3/2019,0.6
676,6/2/2019,0.25
677,6/1/2019,0.0
678,5/31/2019,0.5714285714285714
679,5/30/2019,0.6
680,5/29/2019,0.0
681,5/28/2019,0.5
682,5/27/2019,0.42857142857142855
683,5/26/2019,0.0
684,5/25/2019,0.0
685,5/24/2019,0.14285714285714285
686,5/23/2019,0.2727272727272727
687,5/22/2019,0.3333333333333333
688,5/21/2019,0.0
689,5/20/2019,0.6666666666666666
690,5/19/2019,0.0
691,5/17/2019,0.6666666666666666
692,5/16/2019,0.2
693,5/15/2019,0.5
694,5/14/2019,0.0
695,5/12/2019,0.6666666666666666
696,5/11/2019,-0.5
697,5/10/2019,1.0
698,5/9/2019,-0.2
699,5/8/2019,-0.2
700,5/7/2019,-0.5
701,5/6/2019,0.0
702,5/5/2019,0.5
703,5/3/2019,-0.6666666666666666
704,5/2/2019,0.3333333333333333
705,4/30/2019,-1.0
706,4/29/2019,0.5
707,4/28/2019,1.0
708,4/27/2019,-0.25
709,4/26/2019,0.0
710,4/25/2019,-0.5
711,4/24/2019,0.8
712,4/23/2019,0.5
713,4/22/2019,0.0
714,4/21/2019,0.0
715,4/20/2019,0.3333333333333333
716,4/18/2019,0.3333333333333333
717,4/17/2019,0.0
718,4/16/2019,0.6666666666666666
719,4/15/2019,0.6666666666666666
720,4/14/2019,0.25
721,4/12/2019,0.0
722,4/11/2019,0.16666666666666666
723,4/10/2019,0.2
724,4/9/2019,0.5
725,4/8/2019,0.0
726,4/7/2019,0.0
727,4/6/2019,1.0
728,4/5/2019,0.5
729,4/4/2019,0.25
730,4/3/2019,0.375
731,4/2/2019,0.2
732,4/1/2019,0.2857142857142857
733,3/31/2019,0.5714285714285714
734,3/29/2019,0.5714285714285714
735,3/28/2019,0.14285714285714285
736,3/27/2019,0.3333333333333333
737,3/26/2019,0.75
738,3/25/2019,0.0
739,3/24/2019,0.0
740,3/23/2019,0.0
741,3/22/2019,0.0
742,3/21/2019,0.6666666666666666
743,3/20/2019,0.0
744,3/19/2019,0.75
745,3/18/2019,0.0
746,3/17/2019,0.3333333333333333
747,3/16/2019,0.5
748,3/15/2019,0.5714285714285714
749,3/14/2019,0.3333333333333333
750,3/13/2019,0.25
751,3/12/2019,0.7142857142857143
752,3/11/2019,0.5
753,3/10/2019,0.25
754,3/8/2019,-0.2
755,3/7/2019,0.2
756,3/6/2019,0.5
757,3/5/2019,0.25
758,3/4/2019,0.2
759,3/3/2019,0.6
760,3/1/2019,0.42857142857142855
761,2/28/2019,-0.14285714285714285
762,2/27/2019,0.3333333333333333
763,2/26/2019,0.0
764,2/25/2019,0.4
765,2/24/2019,-0.3333333333333333
766,2/22/2019,0.5
767,2/21/2019,1.0
768,2/20/2019,0.0
769,2/19/2019,0.0
770,2/18/2019,-0.2727272727272727
771,2/17/2019,0.0
772,2/15/2019,0.0
773,2/14/2019,-0.75
774,2/13/2019,0.2
775,2/12/2019,-0.3333333333333333
776,2/11/2019,-0.4
777,2/10/2019,0.0
778,2/8/2019,-1.0
779,2/6/2019,0.3333333333333333
780,2/4/2019,0.5
781,2/3/2019,0.0
782,2/1/2019,0.0
783,1/31/2019,-0.5
784,1/30/2019,0.5
785,1/29/2019,0.5
786,1/28/2019,-0.4
787,1/27/2019,0.0
788,1/25/2019,0.0
789,1/24/2019,-0.16666666666666666
790,1/23/2019,0.14285714285714285
791,1/22/2019,0.14285714285714285
792,1/21/2019,0.3333333333333333
793,1/20/2019,0.0
794,1/19/2019,0.5
795,1/18/2019,0.5714285714285714
796,1/17/2019,0.625
797,1/16/2019,0.4
798,1/15/2019,0.3333333333333333
799,1/14/2019,-0.2
800,1/13/2019,0.0
801,1/12/2019,0.3333333333333333
802,1/11/2019,0.0
803,1/10/2019,0.3333333333333333
804,1/9/2019,0.2857142857142857
805,1/8/2019,0.5
806,1/7/2019,0.5
807,1/6/2019,0.0
808,1/5/2019,0.0
809,1/4/2019,0.5
810,1/3/2019,-0.5
811,1/2/2019,-0.25
812,1/1/2019,0.0
813,12/31/2018,0.15384615384615385
814,12/30/2018,0.0
815,12/28/2018,0.42857142857142855
816,12/27/2018,0.2857142857142857
817,12/26/2018,0.14285714285714285
818,12/25/2018,0.0
819,12/24/2018,0.3333333333333333
820,12/23/2018,0.0
821,12/22/2018,-0.25
822,12/21/2018,-0.2
823,12/20/2018,-0.6666666666666666
824,12/19/2018,0.4
825,12/18/2018,0.16666666666666666
826,12/17/2018,0.375
827,12/16/2018,0.3333333333333333
828,12/15/2018,1.0
829,12/14/2018,0.42857142857142855
830,12/13/2018,0.5
831,12/12/2018,0.5
832,12/11/2018,0.0
833,12/10/2018,-0.3
834,12/9/2018,0.6666666666666666
835,12/8/2018,0.0
836,12/7/2018,0.5714285714285714
837,12/6/2018,-0.2857142857142857
838,12/5/2018,0.0
839,12/4/2018,0.25
840,12/3/2018,0.0
841,12/2/2018,0.2
842,12/1/2018,0.5
843,11/30/2018,0.6
844,11/29/2018,0.7142857142857143
845,11/28/2018,0.25
846,11/27/2018,0.5555555555555556
847,11/26/2018,-0.16666666666666666
848,11/25/2018,0.0
849,11/24/2018,0.0
850,11/23/2018,-0.5
851,11/22/2018,0.2727272727272727
852,11/21/2018,0.16666666666666666
853,11/20/2018,-0.36363636363636365
854,11/19/2018,0.0
855,11/18/2018,0.0
856,11/17/2018,0.0
857,11/16/2018,0.42857142857142855
858,11/15/2018,0.09090909090909091
859,11/14/2018,-0.17857142857142858
860,11/13/2018,0.05555555555555555
861,11/12/2018,0.36363636363636365
862,11/11/2018,0.2
863,11/10/2018,0.6666666666666666
864,11/9/2018,0.7142857142857143
865,11/8/2018,-0.2
866,11/7/2018,0.5
867,11/6/2018,0.3333333333333333
868,11/5/2018,0.42857142857142855
869,11/4/2018,0.2857142857142857
870,11/3/2018,0.0
871,11/2/2018,0.5
872,11/1/2018,0.0
873,10/31/2018,0.25
874,10/30/2018,0.05263157894736842
875,10/29/2018,0.26666666666666666
876,10/26/2018,0.14285714285714285
877,10/25/2018,0.22727272727272727
878,10/24/2018,0.0
879,10/23/2018,0.25
880,10/22/2018,-0.5
881,10/21/2018,0.0
882,10/19/2018,0.0
883,10/18/2018,0.0
884,10/17/2018,-0.25
885,10/16/2018,0.625
886,10/15/2018,0.2857142857142857
887,10/14/2018,0.3333333333333333
888,10/13/2018,0.6
889,10/12/2018,0.4
890,10/11/2018,-0.25
891,10/10/2018,0.0
892,10/9/2018,0.3333333333333333
893,10/8/2018,0.4444444444444444
894,10/7/2018,0.3333333333333333
895,10/6/2018,0.0
896,10/5/2018,-0.14285714285714285
897,10/4/2018,-0.4444444444444444
898,10/3/2018,0.5
899,10/2/2018,-0.16666666666666666
900,10/1/2018,0.0
901,9/28/2018,-0.5
902,9/27/2018,0.2
903,9/26/2018,0.0
904,9/25/2018,0.14285714285714285
905,9/24/2018,-0.25
906,9/23/2018,0.4
907,9/22/2018,0.0
908,9/21/2018,0.25
909,9/20/2018,0.0
910,9/19/2018,0.3333333333333333
911,9/18/2018,-0.14285714285714285
912,9/17/2018,0.25
913,9/16/2018,0.6666666666666666
914,9/14/2018,0.3333333333333333
915,9/13/2018,1.0
916,9/12/2018,0.2
917,9/11/2018,0.5
918,9/10/2018,0.0
919,9/9/2018,0.0
920,9/8/2018,0.0
921,9/7/2018,0.16666666666666666
922,9/6/2018,0.2857142857142857
923,9/5/2018,0.0
924,9/4/2018,-0.5
925,9/3/2018,-0.25
926,9/2/2018,0.3333333333333333
927,9/1/2018,1.0
928,8/31/2018,0.0
929,8/30/2018,0.5
930,8/29/2018,0.4
931,8/28/2018,0.5
932,8/27/2018,0.5
933,8/25/2018,0.2
934,8/24/2018,-0.2
935,8/23/2018,-0.16666666666666666
936,8/22/2018,1.0
937,8/21/2018,0.25
938,8/20/2018,0.2222222222222222
939,8/19/2018,0.0
940,8/18/2018,0.0
941,8/17/2018,0.4
942,8/16/2018,0.0
943,8/15/2018,0.5
944,8/14/2018,0.2857142857142857
945,8/13/2018,0.4444444444444444
946,8/12/2018,0.6666666666666666
947,8/11/2018,0.6666666666666666
948,8/10/2018,0.0
949,8/9/2018,0.5
950,8/8/2018,0.3333333333333333
951,8/7/2018,0.3333333333333333
952,8/6/2018,0.0
953,8/3/2018,-0.5
954,8/2/2018,-0.25
955,8/1/2018,0.4
956,7/31/2018,0.0
957,7/30/2018,0.1
958,7/29/2018,0.5
959,7/28/2018,0.25
960,7/27/2018,0.6666666666666666
961,7/26/2018,0.5
962,7/25/2018,0.16666666666666666
963,7/24/2018,0.125
964,7/23/2018,0.2
965,7/22/2018,0.0
966,7/21/2018,0.0
967,7/20/2018,0.0
968,7/19/2018,0.3333333333333333
969,7/18/2018,0.25
970,7/17/2018,0.3333333333333333
971,7/16/2018,0.2222222222222222
972,7/15/2018,0.5
973,7/14/2018,0.6
974,7/13/2018,0.0
975,7/12/2018,0.16666666666666666
976,7/11/2018,0.3333333333333333
977,7/10/2018,1.0
978,7/9/2018,0.45454545454545453
979,7/8/2018,0.2
980,7/6/2018,0.0
981,7/5/2018,0.0
982,7/4/2018,0.6
983,7/3/2018,0.0
984,7/2/2018,0.125
985,6/30/2018,0.0
986,6/29/2018,0.0
987,6/28/2018,0.0
988,6/27/2018,0.0
989,6/26/2018,-0.3333333333333333
990,6/25/2018,0.6666666666666666
991,6/24/2018,0.5
992,6/23/2018,-1.0
993,6/22/2018,0.625
994,6/21/2018,0.0
995,6/20/2018,-0.14285714285714285
996,6/19/2018,0.0
997,6/18/2018,0.375
998,6/17/2018,0.25
999,6/16/2018,0.0
1000,6/15/2018,0.5
1001,6/14/2018,0.0
1002,6/13/2018,0.0
1003,6/12/2018,0.3333333333333333
1004,6/11/2018,0.0
1005,6/8/2018,0.0
1006,6/7/2018,1.0
1007,6/6/2018,-1.0
1008,6/5/2018,0.16666666666666666
1009,6/4/2018,0.0
1010,6/3/2018,0.6666666666666666
1011,6/2/2018,-0.2857142857142857
1012,6/1/2018,0.0
1013,5/31/2018,0.5
1014,5/30/2018,0.0
1015,5/29/2018,0.25
1016,5/28/2018,0.3333333333333333
1017,5/27/2018,0.0
1018,5/26/2018,0.0
1019,5/25/2018,0.7142857142857143
1020,5/24/2018,0.08333333333333333
1021,5/23/2018,-0.3333333333333333
1022,5/22/2018,0.25
1023,5/21/2018,0.2
1024,5/20/2018,-0.4
1025,5/19/2018,0.0
1026,5/18/2018,-0.1111111111111111
1027,5/17/2018,0.0
1028,5/16/2018,0.4
1029,5/15/2018,0.0
1030,5/14/2018,0.14285714285714285
1031,5/12/2018,0.6666666666666666
1032,5/11/2018,-0.25
1033,5/10/2018,0.14285714285714285
1034,5/9/2018,0.2
1035,5/8/2018,0.6666666666666666
1036,5/7/2018,0.5714285714285714
1037,5/6/2018,-0.5
1038,5/5/2018,-0.3333333333333333
1039,5/4/2018,0.0
1040,5/3/2018,-0.3
1041,5/2/2018,-0.07692307692307693
1042,4/30/2018,0.75
1043,4/27/2018,0.16666666666666666
1044,4/26/2018,0.3333333333333333
1045,4/25/2018,0.36363636363636365
1046,4/24/2018,0.5555555555555556
1047,4/23/2018,0.5
1048,4/22/2018,0.25
1049,4/21/2018,0.5
1050,4/20/2018,0.8571428571428571
1051,4/19/2018,0.7777777777777778
1052,4/18/2018,0.375
1053,4/17/2018,0.4166666666666667
1054,4/16/2018,0.3333333333333333
1055,4/15/2018,0.5
1056,4/14/2018,0.4
1057,4/13/2018,0.5
1058,4/12/2018,0.8571428571428571
1059,4/11/2018,0.4444444444444444
1060,4/10/2018,0.09090909090909091
1061,4/9/2018,0.7272727272727273
1062,4/8/2018,0.0
1063,4/7/2018,0.3333333333333333
1064,4/6/2018,0.4444444444444444
1065,4/5/2018,0.625
1066,4/4/2018,-0.2
1067,4/3/2018,0.3333333333333333
1068,4/2/2018,0.6666666666666666
1069,3/31/2018,0.5
1070,3/30/2018,0.5
1071,3/29/2018,1.0
1072,3/28/2018,0.0
1073,3/27/2018,0.6
1074,3/26/2018,0.625
1075,3/25/2018,0.3333333333333333
1076,3/24/2018,-0.25
1077,3/23/2018,-0.3333333333333333
1078,3/22/2018,0.0
1079,3/21/2018,0.0
1080,3/20/2018,0.2
1081,3/19/2018,-0.14285714285714285
1082,3/17/2018,0.0
1083,3/16/2018,0.0
1084,3/15/2018,0.2
1085,3/14/2018,0.0
1086,3/13/2018,0.0
1087,3/12/2018,1.0
1088,3/11/2018,0.5
1089,3/10/2018,-0.3333333333333333
1090,3/9/2018,-0.3333333333333333
1091,3/8/2018,0.3333333333333333
1092,3/7/2018,-0.25
1093,3/6/2018,-0.14285714285714285
1094,3/5/2018,0.0
1095,2/28/2018,-0.6666666666666666
1096,2/26/2018,0.0
1097,2/21/2018,0.0
1098,2/20/2018,0.6
1099,2/19/2018,0.2857142857142857
1100,2/18/2018,0.0
1101,2/17/2018,0.4
1102,2/16/2018,0.0
1103,2/15/2018,0.0
1104,2/14/2018,0.0
1105,2/13/2018,0.0
1106,2/12/2018,0.4
1107,2/10/2018,0.0
1108,2/9/2018,-0.4
1109,2/8/2018,0.4
1110,2/7/2018,0.0
1111,2/6/2018,-0.09523809523809523
1112,2/5/2018,0.0
1113,2/4/2018,0.3333333333333333
1114,2/2/2018,0.6666666666666666
1115,2/1/2018,0.0
1116,1/31/2018,0.0
1117,1/30/2018,0.25
1118,1/25/2018,0.5
1119,1/24/2018,0.0
1120,1/23/2018,0.3333333333333333
1121,1/22/2018,0.0
1122,1/19/2018,0.5
1123,1/18/2018,0.0
1124,1/16/2018,0.0
1125,1/15/2018,0.0
1126,1/14/2018,0.25
1127,1/12/2018,0.5
1128,1/10/2018,0.0
1129,1/9/2018,-0.3333333333333333
1130,1/8/2018,0.5
1131,1/5/2018,0.6666666666666666
1132,1/4/2018,0.0
1133,1/2/2018,0.0
1134,12/31/2017,0.5
1135,12/29/2017,1.0
1136,12/28/2017,0.0
1137,12/27/2017,0.3333333333333333
1138,12/26/2017,0.0
1139,12/25/2017,0.3333333333333333
1140,12/22/2017,1.0
1141,12/21/2017,0.0
1142,12/20/2017,0.5
1143,12/18/2017,1.0
1144,12/13/2017,0.0
1145,12/6/2017,0.0
1146,11/27/2017,0.0
1147,11/26/2017,0.0
1148,11/25/2017,1.0
1149,11/24/2017,0.0
1150,11/11/2017,0.5
1151,11/10/2017,0.5
1152,11/8/2017,0.5
1153,11/6/2017,0.5
1154,11/5/2017,0.0
1155,11/3/2017,0.6666666666666666
1156,11/2/2017,0.25
1157,11/1/2017,0.0
1158,10/31/2017,-1.0
1159,10/30/2017,0.0
1160,10/25/2017,0.0
1161,10/24/2017,0.5
1162,10/21/2017,-0.3333333333333333
1163,10/18/2017,0.0
1164,10/17/2017,0.5
1165,10/16/2017,0.25
1166,10/15/2017,0.0
1167,10/14/2017,-1.0
1168,10/13/2017,0.0
1169,10/12/2017,0.0
1170,10/11/2017,0.42857142857142855
1171,10/10/2017,0.5
1172,10/9/2017,0.5
1173,10/8/2017,0.0
1174,10/5/2017,0.3
1175,10/4/2017,0.5714285714285714
1176,10/3/2017,0.0
1177,10/2/2017,0.0
1178,10/1/2017,0.0
1179,9/29/2017,1.0
1180,9/28/2017,1.0
1181,9/26/2017,0.0
1182,9/25/2017,0.0
1183,9/24/2017,0.0
1184,9/22/2017,-0.14285714285714285
1185,9/21/2017,-0.125
1186,9/20/2017,0.0
1187,9/19/2017,0.14285714285714285
1188,9/18/2017,0.35714285714285715
1189,9/17/2017,0.0
1190,9/16/2017,-0.5
1191,9/15/2017,-0.2857142857142857
1192,9/14/2017,0.18181818181818182
1193,9/13/2017,-0.1111111111111111
1194,9/12/2017,0.4
1195,9/11/2017,0.14285714285714285
1196,9/10/2017,0.0
1197,9/9/2017,0.0
1198,9/8/2017,0.36363636363636365
1199,9/7/2017,0.46153846153846156
1200,9/6/2017,-0.09090909090909091
1201,9/5/2017,0.18181818181818182
1202,9/4/2017,-0.09090909090909091
1203,9/3/2017,0.0
1204,9/2/2017,0.0
1205,9/1/2017,0.125
1206,8/31/2017,0.23076923076923078
1207,8/30/2017,0.2
1208,8/29/2017,-0.4166666666666667
1209,8/28/2017,0.45454545454545453
1210,8/27/2017,0.5
1211,8/26/2017,0.0
1212,8/24/2017,0.4444444444444444
1213,8/23/2017,0.4166666666666667
1214,8/22/2017,-0.1
1215,8/21/2017,0.09090909090909091
1216,8/20/2017,0.0
1217,8/19/2017,-0.5
1218,8/18/2017,-0.1
1219,8/17/2017,0.2
1220,8/16/2017,0.42857142857142855
1221,8/15/2017,0.0
1222,8/14/2017,0.3333333333333333
1223,8/13/2017,0.0
1224,8/11/2017,0.25
1225,8/10/2017,-0.08333333333333333
1226,8/9/2017,-0.2
1227,8/8/2017,-0.1
1228,8/7/2017,0.15384615384615385
1229,8/6/2017,-0.25
1230,8/5/2017,0.0
1231,8/4/2017,0.1
1232,8/3/2017,0.2857142857142857
1233,8/2/2017,-0.2
1234,8/1/2017,-0.09090909090909091
1235,7/31/2017,0.45454545454545453
1236,7/30/2017,0.0
1237,7/28/2017,-0.09090909090909091
1238,7/27/2017,0.07692307692307693
1239,7/26/2017,0.5
1240,7/25/2017,0.07142857142857142
1241,7/24/2017,0.07692307692307693
1242,7/23/2017,0.0
1243,7/22/2017,0.0
1244,7/21/2017,0.3
1245,7/20/2017,0.0
1246,7/19/2017,0.14285714285714285
1247,7/18/2017,0.0
1248,7/17/2017,0.21428571428571427
1249,7/16/2017,0.0
1250,7/14/2017,0.25
1251,7/13/2017,0.21428571428571427
1252,7/12/2017,0.08333333333333333
1253,7/11/2017,0.1
1254,7/10/2017,0.16
1255,7/9/2017,0.0
1256,7/8/2017,0.0
1257,7/7/2017,0.08333333333333333
1258,7/6/2017,0.4117647058823529
1259,7/5/2017,0.3333333333333333
1260,7/4/2017,0.0
1261,7/3/2017,0.3333333333333333
1262,7/2/2017,0.0
1263,7/1/2017,0.0
1264,6/30/2017,0.23076923076923078
1265,6/29/2017,0.3333333333333333
1266,6/28/2017,0.0
1267,6/27/2017,0.2727272727272727
1268,6/26/2017,0.0
1269,6/25/2017,0.0
1270,6/24/2017,0.3333333333333333
1271,6/23/2017,-0.07142857142857142
1272,6/22/2017,0.2
1273,6/21/2017,-0.21428571428571427
1274,6/20/2017,0.2
1275,6/19/2017,0.0
1276,6/17/2017,-0.5
1277,6/16/2017,-0.1111111111111111
1278,6/15/2017,-0.2
1279,6/14/2017,0.25
1280,6/13/2017,0.18181818181818182
1281,6/12/2017,-0.08333333333333333
1282,6/11/2017,0.0
1283,6/10/2017,0.25
1284,6/9/2017,0.23076923076923078
1285,6/8/2017,0.25
1286,6/7/2017,0.4666666666666667
1287,6/6/2017,0.25
1288,6/5/2017,0.5
1289,6/4/2017,0.0
1290,6/3/2017,0.0
1291,6/2/2017,0.38461538461538464
1292,6/1/2017,0.15384615384615385
1293,5/31/2017,0.11764705882352941
1294,5/30/2017,0.18181818181818182
1295,5/29/2017,0.0
1296,5/28/2017,0.0
1297,5/27/2017,0.0
1298,5/26/2017,0.07142857142857142
1299,5/25/2017,0.14285714285714285
1300,5/24/2017,0.0
1301,5/23/2017,-0.16666666666666666
1302,5/22/2017,0.2
1303,5/21/2017,0.0
1304,5/20/2017,0.0
1305,5/19/2017,-0.08333333333333333
1306,5/18/2017,-0.2
1307,5/17/2017,0.0
1308,5/16/2017,0.18181818181818182
1309,5/15/2017,0.2
1310,5/14/2017,0.0
1311,5/13/2017,-0.25
1312,5/12/2017,0.23076923076923078
1313,5/11/2017,0.13333333333333333
1314,5/10/2017,0.07142857142857142
1315,5/9/2017,0.1
1316,5/8/2017,0.1875
1317,5/6/2017,0.3333333333333333
1318,5/5/2017,-0.3333333333333333
1319,5/4/2017,0.13333333333333333
1320,5/3/2017,0.0
1321,5/2/2017,0.1
1322,5/1/2017,0.0
1323,4/29/2017,0.5
1324,4/28/2017,0.1111111111111111
1325,4/27/2017,0.13333333333333333
1326,4/26/2017,0.07142857142857142
1327,4/25/2017,0.36363636363636365
1328,4/24/2017,0.125
1329,4/23/2017,0.0
1330,4/21/2017,0.125
1331,4/20/2017,0.0625
1332,4/19/2017,-0.23076923076923078
1333,4/18/2017,0.07692307692307693
1334,4/17/2017,0.08333333333333333
1335,4/15/2017,0.3333333333333333
1336,4/13/2017,-0.14285714285714285
1337,4/12/2017,-0.07142857142857142
1338,4/11/2017,0.25
1339,4/10/2017,0.25
1340,4/9/2017,0.0
1341,4/8/2017,0.0
1342,4/7/2017,-0.08333333333333333
1343,4/6/2017,-0.125
1344,4/5/2017,0.2857142857142857
1345,4/4/2017,0.2
1346,4/3/2017,0.2222222222222222
1347,4/2/2017,0.0
1348,4/1/2017,-0.3333333333333333
1349,3/31/2017,0.0
1350,3/30/2017,0.18181818181818182
1351,3/29/2017,0.18181818181818182
1352,3/28/2017,0.2727272727272727
1353,3/27/2017,0.07142857142857142
1354,3/26/2017,0.0
1355,3/25/2017,0.3333333333333333
1356,3/24/2017,0.1111111111111111
1357,3/23/2017,0.21428571428571427
1358,3/22/2017,-0.25
1359,3/21/2017,-0.3333333333333333
1360,3/20/2017,-0.09090909090909091
1361,3/18/2017,0.3333333333333333
1362,3/17/2017,0.29411764705882354
1363,3/16/2017,0.5454545454545454
1364,3/15/2017,-0.08333333333333333
1365,3/14/2017,0.3333333333333333
1366,3/13/2017,0.0
1367,3/12/2017,0.0
1368,3/11/2017,1.0
1369,3/10/2017,0.25
1370,3/9/2017,-0.125
1371,3/8/2017,-0.1
1372,3/7/2017,-0.2
1373,3/6/2017,0.38461538461538464
1374,3/4/2017,-1.0
1375,3/3/2017,-0.3125
1376,3/2/2017,0.3333333333333333
1377,3/1/2017,0.35714285714285715
1378,2/28/2017,-0.06666666666666667
1379,2/27/2017,-0.06666666666666667
1380,2/25/2017,0.0
1381,2/24/2017,0.0
1382,2/23/2017,0.25
1383,2/22/2017,0.3684210526315789
1384,2/21/2017,0.21428571428571427
1385,2/20/2017,0.4
1386,2/18/2017,0.0
1387,2/17/2017,0.3333333333333333
1388,2/16/2017,0.35714285714285715
1389,2/15/2017,-0.2857142857142857
1390,2/14/2017,0.0
1391,2/13/2017,0.14285714285714285
1392,2/11/2017,0.0
1393,2/10/2017,0.25
1394,2/9/2017,0.5
1395,2/8/2017,-0.11764705882352941
1396,2/7/2017,0.06666666666666667
1397,2/6/2017,0.4666666666666667
1398,2/4/2017,0.0
1399,2/3/2017,0.0
1400,2/2/2017,0.06666666666666667
1401,2/1/2017,0.12903225806451613
1402,1/31/2017,-0.1875
1403,1/30/2017,-0.15384615384615385
1404,1/28/2017,0.0
1405,1/27/2017,0.26666666666666666
1406,1/25/2017,0.16666666666666666
1407,1/24/2017,0.13333333333333333
1408,1/23/2017,-0.13333333333333333
1409,1/21/2017,0.0
1410,1/20/2017,-0.4666666666666667
1411,1/19/2017,0.06666666666666667
1412,1/18/2017,0.1875
1413,1/17/2017,0.0625
1414,1/16/2017,0.0
1415,1/14/2017,1.0
1416,1/13/2017,0.16666666666666666
1417,1/12/2017,0.35714285714285715
1418,1/11/2017,0.3125
1419,1/10/2017,0.5
1420,1/9/2017,0.07692307692307693
1421,1/8/2017,0.0
1422,1/7/2017,0.0
1423,1/6/2017,0.15384615384615385
1424,1/5/2017,0.5714285714285714
1425,1/4/2017,0.15384615384615385
1426,1/3/2017,0.21428571428571427
1427,1/2/2017,-0.16666666666666666
1428,1/1/2017,0.0
1429,12/30/2016,0.25
1430,12/29/2016,0.2
1431,12/28/2016,0.08333333333333333
1432,12/27/2016,0.25
1433,12/26/2016,-0.0625
1434,12/23/2016,-0.07692307692307693
1435,12/22/2016,-0.14285714285714285
1436,12/21/2016,0.14285714285714285
1437,12/20/2016,-0.06666666666666667
1438,12/19/2016,-0.07692307692307693
1439,12/17/2016,1.0
1440,12/16/2016,-0.35714285714285715
1441,12/15/2016,-0.13333333333333333
1442,12/14/2016,-0.13333333333333333
1443,12/13/2016,0.21428571428571427
1444,12/12/2016,-0.3333333333333333
1445,12/10/2016,0.0
1446,12/9/2016,0.46153846153846156
1447,12/8/2016,0.5384615384615384
1448,12/7/2016,0.07142857142857142
1449,12/6/2016,0.07142857142857142
1450,12/5/2016,-0.3076923076923077
1451,12/2/2016,-0.25
1452,12/1/2016,0.2857142857142857
1453,11/30/2016,0.3333333333333333
1454,11/29/2016,0.2727272727272727
1455,11/28/2016,0.0
1456,11/25/2016,0.5833333333333334
1457,11/24/2016,-0.3
1458,11/23/2016,0.25
1459,11/22/2016,0.5833333333333334
1460,11/21/2016,-0.4166666666666667
1461,11/19/2016,0.0
1462,11/18/2016,-0.15384615384615385
1463,11/17/2016,0.15384615384615385
1464,11/16/2016,0.36363636363636365
1465,11/15/2016,-0.07692307692307693
1466,11/14/2016,-1.0
1467,11/11/2016,-0.3333333333333333
1468,11/10/2016,0.6666666666666666
1469,11/9/2016,0.07142857142857142
1470,11/8/2016,0.25
1471,11/7/2016,0.6153846153846154
1472,11/5/2016,0.0
1473,11/4/2016,-0.4
1474,11/3/2016,-0.21428571428571427
1475,11/2/2016,-0.46153846153846156
1476,11/1/2016,-0.2727272727272727
1477,10/30/2016,0.0
1478,10/28/2016,0.0
1479,10/27/2016,-0.16666666666666666
1480,10/26/2016,-0.38461538461538464
1481,10/25/2016,-0.18181818181818182
1482,10/24/2016,0.21428571428571427
1483,10/21/2016,-0.25
1484,10/20/2016,0.5454545454545454
1485,10/19/2016,0.3333333333333333
1486,10/18/2016,0.5
1487,10/17/2016,-0.18181818181818182
1488,10/14/2016,-0.08333333333333333
1489,10/13/2016,-0.2727272727272727
1490,10/10/2016,0.36363636363636365
1491,10/9/2016,0.0
1492,10/7/2016,-0.2727272727272727
1493,10/6/2016,0.16666666666666666
1494,10/5/2016,0.15384615384615385
1495,10/4/2016,0.25
1496,10/3/2016,0.15384615384615385
1497,9/30/2016,-0.09090909090909091
1498,9/29/2016,0.0
1499,9/28/2016,-0.16666666666666666
1500,9/27/2016,1.0
1501,7/21/2016,-0.1111111111111111
1502,7/20/2016,0.3076923076923077
1503,7/19/2016,0.3
1504,7/18/2016,0.18181818181818182
1505,7/15/2016,-0.08333333333333333
1506,7/14/2016,0.18181818181818182
1507,7/13/2016,0.0
1508,7/12/2016,0.4166666666666667
1509,7/11/2016,0.6363636363636364
1510,7/8/2016,-0.07692307692307693
1511,7/7/2016,-0.08333333333333333
1512,7/5/2016,-0.3333333333333333
1513,7/4/2016,0.23076923076923078
1514,7/2/2016,0.0
1515,7/1/2016,0.36363636363636365
1516,6/30/2016,0.5833333333333334
1517,6/29/2016,0.6666666666666666
1518,6/28/2016,0.23076923076923078
1519,6/27/2016,0.0
1520,6/24/2016,-0.25
1521,6/23/2016,0.23076923076923078
1522,6/22/2016,-0.18181818181818182
1523,6/21/2016,0.0
1524,6/20/2016,0.25
1525,6/19/2016,0.0
1526,6/18/2016,0.0
1527,6/17/2016,0.2727272727272727
1528,6/16/2016,-0.15384615384615385
1529,6/15/2016,0.23076923076923078
1530,6/14/2016,-0.42857142857142855
1531,6/13/2016,-0.15384615384615385
1532,6/10/2016,-0.07692307692307693
1533,6/9/2016,-0.1
1534,6/8/2016,0.23076923076923078
1535,6/7/2016,0.25
1536,6/6/2016,0.2222222222222222
1537,6/3/2016,0.4
1538,6/2/2016,-0.1
1539,6/1/2016,0.45454545454545453
1540,5/31/2016,0.2727272727272727
1541,5/30/2016,0.3333333333333333
1542,5/27/2016,0.6
1543,5/26/2016,0.5454545454545454
1544,5/25/2016,0.45454545454545453
1545,5/24/2016,-0.07692307692307693
1546,5/23/2016,0.45454545454545453
1547,5/20/2016,0.0
1548,5/19/2016,-0.4
1549,5/18/2016,-0.3
1550,5/17/2016,0.4
1551,5/16/2016,-0.16666666666666666
1552,5/15/2016,0.0
1553,5/13/2016,-0.5
1554,5/12/2016,0.1
1555,5/11/2016,0.125
1556,5/10/2016,0.2222222222222222
1557,5/9/2016,0.5
1558,5/6/2016,0.0
1559,5/5/2016,0.5555555555555556
1560,5/4/2016,-0.4444444444444444
1561,5/3/2016,0.0
1562,5/2/2016,-0.4444444444444444
1563,4/29/2016,-0.1111111111111111
1564,4/28/2016,-0.25
1565,4/27/2016,0.14285714285714285
1566,4/26/2016,-0.16666666666666666
1567,4/25/2016,-0.3333333333333333
1568,4/22/2016,-0.1111111111111111
1569,4/21/2016,0.125
1570,4/20/2016,0.2
1571,4/18/2016,0.6363636363636364
1572,4/13/2016,0.6
1573,4/12/2016,0.3333333333333333
1574,4/11/2016,0.3076923076923077
1575,4/9/2016,0.0
1576,4/8/2016,0.18181818181818182
1577,4/7/2016,-0.2727272727272727
1578,4/6/2016,0.2727272727272727
1579,4/5/2016,-0.18181818181818182
1580,4/4/2016,0.2
1581,4/1/2016,0.0
1582,3/31/2016,0.2
1583,3/30/2016,0.9090909090909091
1584,3/29/2016,-0.09090909090909091
1585,3/28/2016,-0.45454545454545453
1586,3/23/2016,-0.2727272727272727
1587,3/22/2016,0.2222222222222222
1588,3/21/2016,0.6
1589,3/18/2016,0.36363636363636365
1590,3/17/2016,0.6
1591,3/16/2016,0.1111111111111111
1592,3/15/2016,-0.16666666666666666
1593,3/14/2016,0.4444444444444444
1594,3/11/2016,0.375
1595,3/10/2016,-0.09090909090909091
1596,3/9/2016,-0.18181818181818182
1597,3/8/2016,0.1
1598,3/7/2016,1.0
1599,3/4/2016,0.2857142857142857
1600,3/3/2016,0.5454545454545454
1601,3/2/2016,0.8
1602,3/1/2016,0.36363636363636365
1603,2/29/2016,-0.2727272727272727
1604,2/26/2016,0.4
1605,2/25/2016,-0.3
1606,2/24/2016,-0.36363636363636365
1607,2/23/2016,-0.1
1608,2/22/2016,0.16666666666666666
1609,2/20/2016,0.0
1610,2/19/2016,0.3
1611,2/18/2016,0.1
1612,2/17/2016,-0.1111111111111111
1613,2/16/2016,-0.1
1614,2/15/2016,0.6363636363636364
1615,2/13/2016,-1.0
1616,2/12/2016,-0.08333333333333333
1617,2/11/2016,-0.09090909090909091
1618,2/10/2016,-0.625
1619,2/9/2016,-0.16666666666666666
1620,2/8/2016,0.09090909090909091
1621,2/5/2016,0.2727272727272727
1622,2/4/2016,0.5
1623,2/3/2016,-0.2222222222222222
1624,2/2/2016,-0.09090909090909091
1625,2/1/2016,0.375
1626,1/29/2016,0.1111111111111111
1627,1/28/2016,0.1
1628,1/27/2016,0.4
1629,1/25/2016,0.5454545454545454
1630,1/22/2016,0.5
1631,1/21/2016,-0.09090909090909091
1632,1/20/2016,-0.09090909090909091
1633,1/19/2016,0.4444444444444444
1634,1/18/2016,0.0
1635,1/17/2016,-1.0
1636,1/15/2016,-0.2
1637,1/14/2016,0.25
1638,1/13/2016,0.5
1639,1/12/2016,-0.4444444444444444
1640,1/11/2016,-0.4
1641,1/8/2016,0.4
1642,1/7/2016,-0.45454545454545453
1643,1/6/2016,0.0
1644,1/5/2016,0.36363636363636365
1645,1/4/2016,-0.5
1646,1/1/2016,-0.25
1647,12/31/2015,0.0
1648,12/30/2015,0.1
1649,12/29/2015,0.3333333333333333
1650,12/28/2015,0.5
1651,12/24/2015,0.125
1652,12/23/2015,0.8571428571428571
1653,12/22/2015,0.0
1654,12/21/2015,0.1
1655,12/19/2015,0.0
1656,12/18/2015,-0.625
1657,12/17/2015,0.5555555555555556
1658,12/16/2015,0.6666666666666666
1659,12/15/2015,0.2222222222222222
1660,12/14/2015,-0.18181818181818182
1661,12/11/2015,-0.1
1662,12/10/2015,0.3
1663,12/9/2015,-0.36363636363636365
1664,12/8/2015,-0.5454545454545454
1665,12/7/2015,-0.2
1666,12/4/2015,-0.25
1667,12/3/2015,-0.6363636363636364
1668,12/2/2015,-0.09090909090909091
1669,12/1/2015,0.18181818181818182
1670,11/30/2015,0.0
1671,11/27/2015,0.09090909090909091
1672,11/26/2015,0.09090909090909091
1673,11/25/2015,0.0
1674,11/24/2015,0.0
1675,11/23/2015,0.1111111111111111
1676,11/20/2015,0.375
1677,11/19/2015,0.5555555555555556
1678,11/18/2015,-0.5555555555555556
1679,11/17/2015,0.0
1680,11/16/2015,0.3333333333333333
1681,11/13/2015,-0.5454545454545454
1682,11/11/2015,0.0
1683,11/10/2015,-0.3
1684,11/9/2015,-0.07692307692307693
1685,11/8/2015,-1.0
1686,11/6/2015,0.1
1687,11/5/2015,-0.18181818181818182
1688,11/4/2015,0.3333333333333333
1689,11/3/2015,0.4
1690,11/2/2015,-0.3333333333333333
1691,11/1/2015,0.0
1692,10/30/2015,-0.18181818181818182
1693,10/29/2015,-0.45454545454545453
1694,10/28/2015,-0.4444444444444444
1695,10/27/2015,-0.5
1696,10/26/2015,0.09090909090909091
1697,10/23/2015,0.36363636363636365
1698,10/21/2015,0.18181818181818182
1699,10/20/2015,0.1
1700,10/19/2015,0.4166666666666667
1701,10/16/2015,0.3333333333333333
1702,10/15/2015,0.5454545454545454
1703,10/14/2015,-0.4444444444444444
1704,10/13/2015,0.0
1705,10/12/2015,-0.1111111111111111
1706,10/10/2015,0.0
1707,10/9/2015,0.4166666666666667
1708,10/8/2015,-0.15384615384615385
1709,10/7/2015,0.3
1710,10/6/2015,0.2727272727272727
1711,10/5/2015,0.5
1712,10/1/2015,0.3333333333333333
1713,9/30/2015,0.36363636363636365
1714,9/29/2015,0.2222222222222222
1715,9/28/2015,-0.09090909090909091
1716,9/24/2015,-0.1111111111111111
1717,9/23/2015,0.09090909090909091
1718,9/22/2015,0.0
1719,9/21/2015,-0.36363636363636365
1720,9/18/2015,0.5454545454545454
1721,9/16/2015,0.5
1722,9/15/2015,-0.16666666666666666
1723,9/14/2015,0.5
1724,9/12/2015,0.0
1725,9/11/2015,0.5
1726,9/10/2015,-0.16666666666666666
1727,9/9/2015,0.46153846153846156
1728,9/8/2015,0.45454545454545453
1729,9/7/2015,-0.46153846153846156
1730,9/4/2015,-0.4166666666666667
1731,9/3/2015,0.6666666666666666
1732,9/2/2015,-0.08333333333333333
1733,9/1/2015,-0.5
1734,8/31/2015,-0.2857142857142857
1735,8/30/2015,0.0
1736,8/28/2015,0.6363636363636364
1737,8/27/2015,0.7272727272727273
1738,8/26/2015,-0.16666666666666666
1739,8/25/2015,0.3333333333333333
1740,8/24/2015,-0.4
1741,8/21/2015,-0.45454545454545453
1742,8/20/2015,-0.2222222222222222
1743,8/19/2015,0.09090909090909091
1744,8/18/2015,0.18181818181818182
1745,8/17/2015,0.16666666666666666
1746,8/14/2015,0.7
1747,8/13/2015,0.2
1748,8/12/2015,-0.3333333333333333
1749,8/11/2015,-0.07692307692307693
1750,8/10/2015,0.16666666666666666
1751,8/9/2015,0.0
1752,8/7/2015,-0.08333333333333333
1753,8/6/2015,-0.18181818181818182
1754,8/5/2015,0.5
1755,8/4/2015,-0.3
1756,8/3/2015,0.15384615384615385
1757,7/31/2015,0.3333333333333333
1758,7/30/2015,0.5
1759,7/29/2015,0.38461538461538464
1760,7/28/2015,0.07692307692307693
1761,7/27/2015,-0.5
1762,7/24/2015,-0.5
1763,7/23/2015,-0.08333333333333333
1764,7/22/2015,0.3333333333333333
1765,7/21/2015,-0.375
1766,7/20/2015,-0.16666666666666666
1767,7/17/2015,0.3076923076923077
1768,7/16/2015,0.6
1769,7/15/2015,0.5833333333333334
1770,7/14/2015,-0.25
1771,7/13/2015,0.1
1772,7/12/2015,0.0
1773,7/10/2015,0.46153846153846156
1774,7/9/2015,-0.3333333333333333
1775,7/8/2015,-0.25
1776,7/7/2015,0.0
1777,7/6/2015,-0.2
1778,7/3/2015,0.2727272727272727
1779,7/2/2015,0.18181818181818182
1780,7/1/2015,0.3076923076923077
1781,6/30/2015,0.18181818181818182
1782,6/29/2015,-0.08333333333333333
1783,6/26/2015,-0.5
1784,6/25/2015,0.2
1785,6/24/2015,0.25
1786,6/23/2015,0.3333333333333333
1787,6/22/2015,0.5454545454545454
1788,6/21/2015,0.0
1789,6/20/2015,0.0
1790,6/19/2015,0.6
1791,6/18/2015,0.38461538461538464
1792,6/17/2015,0.6
1793,6/16/2015,-0.4
1794,6/15/2015,0.3333333333333333
1795,6/12/2015,-0.2857142857142857
1796,6/11/2015,0.0
1797,6/10/2015,0.36363636363636365
1798,6/9/2015,-0.14285714285714285
1799,6/8/2015,-0.5
1800,6/5/2015,-0.15384615384615385
1801,6/4/2015,-0.08333333333333333
1802,6/3/2015,-0.3333333333333333
1803,6/2/2015,-0.08333333333333333
1804,6/1/2015,0.0
1805,5/29/2015,0.3
1806,5/28/2015,0.0
1807,5/27/2015,0.1111111111111111
1808,5/26/2015,-0.1111111111111111
1809,5/25/2015,0.25
1810,5/22/2015,0.0
1811,5/21/2015,0.2
1812,5/20/2015,0.46153846153846156
1813,5/19/2015,-0.2222222222222222
1814,5/18/2015,0.6363636363636364
1815,5/15/2015,0.7272727272727273
1816,5/14/2015,-0.3333333333333333
1817,5/13/2015,0.23076923076923078
1818,5/12/2015,-0.25
1819,5/11/2015,0.6363636363636364
1820,5/10/2015,0.0
1821,5/8/2015,0.6
1822,5/7/2015,-0.36363636363636365
1823,5/6/2015,-0.2
1824,5/5/2015,0.0
1825,5/4/2015,0.4
1826,4/30/2015,-0.38461538461538464
1827,4/29/2015,-0.15384615384615385
1828,4/28/2015,0.3076923076923077
1829,4/27/2015,-0.3333333333333333
1830,4/25/2015,0.0
1831,4/24/2015,0.0
1832,4/23/2015,0.16666666666666666
1833,4/22/2015,0.08333333333333333
1834,4/21/2015,-0.07692307692307693
1835,4/20/2015,-0.3
1836,4/18/2015,-1.0
1837,4/17/2015,-0.45454545454545453
1838,4/16/2015,0.23076923076923078
1839,4/15/2015,0.0
1840,4/13/2015,0.2857142857142857
1841,4/10/2015,0.0
1842,4/9/2015,0.5
1843,4/8/2015,0.4166666666666667
1844,4/7/2015,0.23076923076923078
1845,4/6/2015,0.25
1846,4/2/2015,0.0
1847,4/1/2015,0.4
1848,3/31/2015,0.3333333333333333
1849,3/30/2015,0.5
1850,3/28/2015,1.0
1851,3/27/2015,0.16666666666666666
1852,3/26/2015,-0.1111111111111111
1853,3/25/2015,0.2
1854,3/24/2015,0.0
1855,3/23/2015,0.09090909090909091
1856,3/20/2015,-0.21428571428571427
1857,3/19/2015,0.14285714285714285
1858,3/18/2015,-0.16666666666666666
1859,3/17/2015,0.6923076923076923
1860,3/16/2015,0.0
1861,3/13/2015,-0.07692307692307693
1862,3/12/2015,0.7142857142857143
1863,3/11/2015,-0.2
1864,3/10/2015,-0.07692307692307693
1865,3/9/2015,-0.14285714285714285
1866,3/5/2015,0.0
1867,3/4/2015,0.06666666666666667
1868,3/3/2015,0.1111111111111111
1869,3/2/2015,0.3076923076923077
1870,2/28/2015,0.14285714285714285
1871,2/27/2015,0.46153846153846156
1872,2/26/2015,-0.07142857142857142
1873,2/25/2015,0.46153846153846156
1874,2/24/2015,0.15384615384615385
1875,2/23/2015,0.15384615384615385
1876,2/20/2015,0.14285714285714285
1877,2/19/2015,0.2857142857142857
1878,2/18/2015,0.5
1879,2/17/2015,0.0
1880,2/16/2015,0.4166666666666667
1881,2/15/2015,0.0
1882,2/13/2015,0.75
1883,2/12/2015,-0.08333333333333333
1884,2/11/2015,0.25
1885,2/10/2015,0.3333333333333333
1886,2/9/2015,-0.2
1887,2/6/2015,-0.15384615384615385
1888,2/5/2015,0.0
1889,2/4/2015,-0.3
1890,2/3/2015,-0.09090909090909091
1891,2/2/2015,0.0
1892,1/30/2015,-0.18181818181818182
1893,1/29/2015,-0.5454545454545454
1894,1/28/2015,0.0
1895,1/27/2015,0.45454545454545453
1896,1/23/2015,0.4166666666666667
1897,1/22/2015,0.5833333333333334
1898,1/21/2015,0.46153846153846156
1899,1/20/2015,0.5833333333333334
1900,1/19/2015,0.5454545454545454
1901,1/17/2015,0.0
1902,1/16/2015,0.2727272727272727
1903,1/15/2015,0.09090909090909091
1904,1/14/2015,0.25
1905,1/13/2015,0.38461538461538464
1906,1/12/2015,-0.18181818181818182
1907,1/9/2015,0.7142857142857143
1908,1/8/2015,0.9
1909,1/7/2015,-0.18181818181818182
1910,1/6/2015,-0.3333333333333333
1911,1/5/2015,0.0
1912,1/4/2015,0.0
1913,1/3/2015,0.0
1914,1/2/2015,0.5
1915,1/1/2015,0.23076923076923078
1916,12/31/2014,0.16666666666666666
1917,12/30/2014,-0.09090909090909091
1918,12/29/2014,0.25
1919,12/26/2014,0.2727272727272727
1920,12/24/2014,0.15384615384615385
1921,12/23/2014,0.2857142857142857
1922,12/22/2014,0.3333333333333333
1923,12/19/2014,0.6153846153846154
1924,12/18/2014,0.5384615384615384
1925,12/17/2014,-0.07692307692307693
1926,12/16/2014,-0.23076923076923078
1927,12/15/2014,0.0
1928,12/12/2014,0.07692307692307693
1929,12/11/2014,-0.15384615384615385
1930,12/10/2014,0.23076923076923078
1931,12/9/2014,-0.15384615384615385
1932,12/8/2014,-0.21428571428571427
1933,12/5/2014,0.0
1934,12/4/2014,0.3333333333333333
1935,12/3/2014,0.3333333333333333
1936,12/2/2014,-0.5
1937,12/1/2014,-0.07692307692307693
1938,11/29/2014,0.0
1939,11/28/2014,0.16666666666666666
1940,11/27/2014,0.25
1941,11/26/2014,-0.5
1942,11/25/2014,-0.25
1943,11/24/2014,0.3
1944,11/21/2014,0.2857142857142857
1945,11/20/2014,0.2
1946,11/19/2014,0.5
1947,11/18/2014,0.0
1948,11/17/2014,-0.5
1949,11/14/2014,0.0
1950,11/13/2014,0.0
1951,11/12/2014,0.5714285714285714
1952,11/11/2014,0.38461538461538464
1953,11/10/2014,0.2857142857142857
1954,11/7/2014,0.1
1955,11/6/2014,0.0
1956,11/5/2014,0.0
1957,11/4/2014,1.0
1958,11/3/2014,0.2727272727272727
1959,10/31/2014,0.45454545454545453
1960,10/30/2014,0.0
1961,10/29/2014,0.45454545454545453
1962,10/28/2014,0.2222222222222222
1963,10/27/2014,0.0
1964,10/23/2014,-0.5
1965,10/22/2014,0.3333333333333333
1966,10/21/2014,0.45454545454545453
1967,10/20/2014,0.4
1968,10/19/2014,0.0
1969,10/17/2014,0.35714285714285715
1970,10/16/2014,-0.07692307692307693
1971,10/14/2014,0.14285714285714285
1972,10/13/2014,0.0
1973,10/11/2014,0.0
1974,10/10/2014,-0.3125
1975,10/9/2014,0.26666666666666666
1976,10/8/2014,-0.2727272727272727
1977,10/7/2014,0.0
1978,10/1/2014,0.0
1979,9/30/2014,0.0
1980,9/26/2014,0.0
1981,9/25/2014,1.0
1982,9/23/2014,0.0
1983,9/19/2014,0.0
1984,9/18/2014,0.0
1985,9/17/2014,0.2222222222222222
1986,9/16/2014,-0.36363636363636365
1987,9/15/2014,-0.5384615384615384
1988,9/14/2014,0.0
1989,9/12/2014,-0.07692307692307693
1990,9/11/2014,-0.16666666666666666
1991,9/10/2014,-0.4166666666666667
1992,9/9/2014,-0.15384615384615385
1993,9/8/2014,0.21428571428571427
1994,9/5/2014,0.1
1995,9/4/2014,-0.3333333333333333
1996,9/3/2014,0.3076923076923077
1997,9/2/2014,0.15384615384615385
1998,9/1/2014,0.4166666666666667
1999,8/30/2014,0.0
2000,8/28/2014,0.29411764705882354
2001,8/27/2014,0.5384615384615384
2002,8/26/2014,-0.08333333333333333
2003,8/25/2014,0.21428571428571427
2004,8/22/2014,0.3333333333333333
2005,8/21/2014,0.2
2006,8/20/2014,0.0
2007,8/19/2014,-0.25
2008,8/13/2014,0.0
2009,8/12/2014,1.0
2010,8/6/2014,0.0
2011,8/5/2014,-1.0
2012,8/1/2014,-1.0
2013,7/31/2014,0.0
2014,7/29/2014,0.0
2015,7/28/2014,0.0
2016,7/24/2014,0.0
2017,7/23/2014,0.0
2018,7/21/2014,0.0
2019,7/17/2014,1.0
2020,7/16/2014,1.0
2021,7/15/2014,0.0
2022,7/14/2014,0.0
2023,7/11/2014,0.0
2024,7/9/2014,0.0
2025,7/8/2014,0.5
2026,7/7/2014,1.0
2027,7/4/2014,1.0
2028,7/3/2014,0.0
2029,7/2/2014,0.0
2030,7/1/2014,0.0
2031,6/28/2014,0.0
2032,6/27/2014,0.0
2033,6/26/2014,0.0
2034,6/24/2014,0.0
2035,6/23/2014,0.0
2036,6/20/2014,0.0
2037,6/18/2014,0.0
2038,6/16/2014,0.0
2039,6/13/2014,0.0
2040,6/12/2014,0.0
2041,6/11/2014,0.0
2042,6/10/2014,0.0
2043,6/5/2014,0.0
2044,6/4/2014,0.0
2045,6/3/2014,0.0
2046,6/2/2014,0.0
2047,5/30/2014,0.0
2048,5/29/2014,1.0
2049,5/28/2014,0.0
2050,5/27/2014,0.0
2051,5/26/2014,0.0
2052,5/23/2014,0.0
2053,5/22/2014,0.0
2054,5/20/2014,0.0
2055,5/19/2014,0.0
2056,5/14/2014,0.0
2057,5/13/2014,0.0
2058,5/12/2014,0.0
2059,5/9/2014,0.0
2060,5/8/2014,-1.0
2061,5/7/2014,0.0
2062,5/6/2014,0.0
2063,5/5/2014,0.0
2064,5/2/2014,-1.0
2065,4/30/2014,-1.0
2066,4/29/2014,0.0
2067,4/28/2014,0.0
2068,4/23/2014,0.0
2069,4/22/2014,0.0
2070,4/21/2014,0.0
2071,4/17/2014,0.0
2072,4/16/2014,0.0
2073,4/15/2014,0.0
2074,4/10/2014,0.0
2075,4/9/2014,1.0
2076,4/7/2014,0.0
2077,4/3/2014,0.0
2078,4/2/2014,0.0
2079,4/1/2014,0.0
2080,3/31/2014,0.0
2081,3/27/2014,0.0
2082,3/26/2014,0.0
2083,3/25/2014,0.0
2084,3/24/2014,0.0
2085,3/20/2014,0.0
2086,3/18/2014,0.5
2087,3/14/2014,0.0
2088,3/13/2014,0.1
2089,3/12/2014,-0.08333333333333333
2090,3/11/2014,0.16666666666666666
2091,3/10/2014,0.0
2092,3/7/2014,0.2857142857142857
2093,3/6/2014,0.4
2094,3/5/2014,0.5
2095,3/4/2014,0.1
2096,3/3/2014,-0.3333333333333333
2097,3/1/2014,0.0
2098,2/28/2014,0.46153846153846156
2099,2/27/2014,0.0
2100,2/26/2014,0.07692307692307693
2101,2/25/2014,0.0
2102,2/24/2014,-0.36363636363636365
2103,2/21/2014,0.4
2104,2/20/2014,-0.25
2105,2/19/2014,0.09090909090909091
2106,2/18/2014,0.21428571428571427
2107,2/17/2014,0.4166666666666667
2108,2/14/2014,0.3333333333333333
2109,2/13/2014,-0.4444444444444444
2110,2/12/2014,0.36363636363636365
2111,2/11/2014,0.0
2112,2/10/2014,0.18181818181818182
2113,2/7/2014,0.5
2114,2/6/2014,0.16666666666666666
2115,2/5/2014,0.09090909090909091
2116,2/4/2014,-0.2727272727272727
2117,2/3/2014,-0.7142857142857143
2118,2/1/2014,0.0
2119,1/31/2014,0.36363636363636365
2120,1/30/2014,-0.3076923076923077
2121,1/29/2014,0.5
2122,1/28/2014,-0.3333333333333333
2123,1/27/2014,-0.2727272727272727
2124,1/25/2014,0.0
2125,1/24/2014,-0.23076923076923078
2126,1/23/2014,0.0
2127,1/22/2014,0.18181818181818182
2128,1/21/2014,0.3
2129,1/20/2014,0.0
2130,1/18/2014,1.0
2131,1/17/2014,-0.2
2132,1/16/2014,0.0
2133,1/15/2014,0.4
2134,1/14/2014,-0.3333333333333333
2135,1/13/2014,0.6
2136,1/10/2014,0.09090909090909091
2137,1/9/2014,-0.3
2138,1/8/2014,0.08333333333333333
2139,1/7/2014,-0.36363636363636365
2140,1/6/2014,-0.5
2141,1/4/2014,0.0
2142,1/3/2014,-0.16666666666666666
2143,1/2/2014,0.09090909090909091
2144,1/1/2014,0.5
2145,12/31/2013,0.25
2146,12/30/2013,-0.07692307692307693
2147,12/28/2013,0.0
2148,12/27/2013,0.0
2149,12/26/2013,0.08333333333333333
2150,12/24/2013,0.3
2151,12/23/2013,0.4166666666666667
2152,12/21/2013,0.0
2153,12/20/2013,0.2857142857142857
2154,12/19/2013,-0.16666666666666666
2155,12/18/2013,0.09090909090909091
2156,12/17/2013,-0.07692307692307693
2157,12/16/2013,0.1111111111111111
2158,12/14/2013,0.0
2159,12/13/2013,-0.23076923076923078
2160,12/12/2013,-0.18181818181818182
2161,12/11/2013,-0.36363636363636365
2162,12/10/2013,-0.1
2163,12/9/2013,0.5555555555555556
2164,12/8/2013,-0.25
2165,12/7/2013,0.0
2166,12/6/2013,-0.18181818181818182
2167,12/5/2013,0.35294117647058826
2168,12/4/2013,-0.14285714285714285
2169,12/3/2013,-0.3333333333333333
2170,12/2/2013,0.5384615384615384
2171,11/30/2013,0.0
2172,11/29/2013,0.7272727272727273
2173,11/28/2013,0.5
2174,11/27/2013,-0.23076923076923078
2175,11/26/2013,-0.25
2176,11/25/2013,0.23076923076923078
2177,11/22/2013,0.07142857142857142
2178,11/21/2013,-0.5
2179,11/20/2013,-0.36363636363636365
2180,11/19/2013,0.45454545454545453
2181,11/18/2013,0.2857142857142857
2182,11/16/2013,-0.5
2183,11/14/2013,0.36363636363636365
2184,11/13/2013,0.18181818181818182
2185,11/12/2013,-0.3333333333333333
2186,11/11/2013,-0.18181818181818182
2187,11/9/2013,-1.0
2188,11/8/2013,-0.3333333333333333
2189,11/7/2013,-0.2
2190,11/6/2013,-0.5
2191,11/5/2013,-0.08333333333333333
2192,11/3/2013,0.0
2193,11/2/2013,0.0
2194,11/1/2013,0.23529411764705882
2195,10/31/2013,0.0
2196,10/30/2013,0.5
2197,10/29/2013,0.42857142857142855
2198,10/28/2013,0.07692307692307693
2199,10/26/2013,0.0
2200,10/25/2013,0.0
2201,10/24/2013,-0.36363636363636365
2202,10/23/2013,-0.5833333333333334
2203,10/22/2013,0.0
2204,10/21/2013,0.3333333333333333
2205,10/19/2013,1.0
2206,10/18/2013,0.6153846153846154
2207,10/17/2013,-0.38461538461538464
2208,10/15/2013,-0.15384615384615385
2209,10/14/2013,0.25
2210,10/12/2013,0.0
2211,10/11/2013,0.5714285714285714
2212,10/10/2013,0.0
2213,10/9/2013,0.42857142857142855
2214,10/8/2013,0.29411764705882354
2215,10/7/2013,-0.375
2216,10/4/2013,0.17647058823529413
2217,10/3/2013,0.5
2218,10/1/2013,0.058823529411764705
2219,9/30/2013,-0.14285714285714285
2220,9/29/2013,0.0
2221,9/27/2013,-0.1111111111111111
2222,9/26/2013,0.1875
2223,9/25/2013,-0.22727272727272727
2224,9/24/2013,-0.125
2225,9/23/2013,-0.2857142857142857
2226,9/20/2013,-0.21428571428571427
2227,9/19/2013,0.29411764705882354
2228,9/18/2013,0.1111111111111111
2229,9/17/2013,-0.058823529411764705
2230,9/16/2013,0.09523809523809523
2231,9/14/2013,0.0
2232,9/13/2013,0.125
2233,9/12/2013,-0.14285714285714285
2234,9/11/2013,0.0
2235,9/10/2013,0.5833333333333334
2236,9/7/2013,0.5
2237,9/6/2013,0.35714285714285715
2238,9/5/2013,0.47058823529411764
2239,9/4/2013,0.25
2240,9/3/2013,-0.19047619047619047
2241,9/2/2013,0.2222222222222222
2242,8/30/2013,-0.05263157894736842
2243,8/29/2013,0.2
2244,8/28/2013,-0.09090909090909091
2245,8/27/2013,-0.2857142857142857
2246,8/26/2013,0.15384615384615385
2247,8/23/2013,0.35714285714285715
2248,8/22/2013,0.0
2249,8/21/2013,0.0625
2250,8/20/2013,0.08333333333333333
2251,8/19/2013,-0.2
2252,8/17/2013,-1.0
2253,8/16/2013,-0.07692307692307693
2254,8/14/2013,0.08333333333333333
2255,8/13/2013,0.46153846153846156
2256,8/12/2013,0.46153846153846156
2257,8/8/2013,0.3076923076923077
2258,8/7/2013,-0.23076923076923078
2259,8/6/2013,-0.42857142857142855
2260,8/5/2013,0.21428571428571427
2261,8/2/2013,-0.38461538461538464
2262,8/1/2013,0.0
2263,7/31/2013,0.07692307692307693
2264,7/30/2013,0.0
2265,7/29/2013,-0.14285714285714285
2266,7/26/2013,-0.4
2267,7/25/2013,-0.3076923076923077
2268,7/24/2013,-0.21428571428571427
2269,7/23/2013,0.2222222222222222
2270,7/22/2013,-0.1
2271,7/21/2013,0.0
2272,7/20/2013,-1.0
2273,7/19/2013,-0.16666666666666666
2274,7/18/2013,0.25
2275,7/17/2013,0.38461538461538464
2276,7/16/2013,-0.09090909090909091
2277,7/15/2013,0.38461538461538464
2278,7/12/2013,0.3333333333333333
2279,7/11/2013,0.25
2280,7/10/2013,-0.07692307692307693
2281,7/9/2013,0.3125
2282,7/8/2013,-0.13333333333333333
2283,7/6/2013,0.0
2284,7/5/2013,0.6363636363636364
2285,7/4/2013,0.5555555555555556
2286,7/3/2013,-0.45454545454545453
2287,7/2/2013,-0.3333333333333333
2288,7/1/2013,0.5
2289,6/28/2013,0.4
2290,6/27/2013,0.3333333333333333
2291,6/26/2013,0.1
2292,6/25/2013,0.36363636363636365
2293,6/24/2013,-0.6363636363636364
2294,6/21/2013,0.1
2295,6/20/2013,-0.3333333333333333
2296,6/19/2013,0.0
2297,6/18/2013,0.0
2298,6/17/2013,0.0
2299,6/14/2013,0.5833333333333334
2300,6/13/2013,-0.3333333333333333
2301,6/12/2013,-0.4166666666666667
2302,6/11/2013,-0.4
2303,6/10/2013,-0.09090909090909091
2304,6/8/2013,-1.0
2305,6/7/2013,0.625
2306,6/6/2013,-0.2727272727272727
2307,6/5/2013,-0.14285714285714285
2308,6/4/2013,0.125
2309,6/3/2013,-0.4166666666666667
2310,5/31/2013,-0.3
2311,5/30/2013,0.2
2312,5/29/2013,-0.125
2313,5/28/2013,0.3
2314,5/27/2013,0.2727272727272727
2315,5/25/2013,0.0
2316,5/24/2013,0.08333333333333333
2317,5/23/2013,-0.5555555555555556
2318,5/22/2013,0.0
2319,5/21/2013,-0.07142857142857142
2320,5/20/2013,0.09090909090909091
2321,5/17/2013,0.2
2322,5/16/2013,0.38461538461538464
2323,5/15/2013,0.3125
2324,5/14/2013,0.3076923076923077
2325,5/13/2013,-0.35714285714285715
2326,5/11/2013,1.0
2327,5/10/2013,0.26666666666666666
2328,5/9/2013,0.25
2329,5/8/2013,0.25
2330,5/7/2013,0.375
2331,5/6/2013,0.18181818181818182
2332,5/3/2013,-0.2
2333,5/2/2013,0.23076923076923078
2334,4/30/2013,0.08333333333333333
2335,4/29/2013,0.4444444444444444
2336,4/26/2013,0.125
2337,4/25/2013,0.42857142857142855
2338,4/23/2013,-0.07692307692307693
2339,4/22/2013,0.07692307692307693
2340,4/18/2013,0.18181818181818182
2341,4/17/2013,0.21428571428571427
2342,4/16/2013,0.4166666666666667
2343,4/15/2013,0.08333333333333333
2344,4/12/2013,-0.4
2345,4/11/2013,0.2
2346,4/10/2013,0.06666666666666667
2347,4/9/2013,0.13333333333333333
2348,4/8/2013,0.0
2349,4/7/2013,0.0
2350,4/6/2013,0.0
2351,4/5/2013,0.07692307692307693
2352,4/4/2013,-0.125
2353,4/3/2013,-0.09090909090909091
2354,4/2/2013,0.2
2355,4/1/2013,0.0
2356,3/31/2013,1.0
2357,3/28/2013,-0.25
2358,3/26/2013,-0.25
2359,3/25/2013,0.38461538461538464
2360,3/22/2013,0.0
2361,3/21/2013,0.15384615384615385
2362,3/20/2013,-0.15384615384615385
2363,3/19/2013,0.0
2364,3/18/2013,0.1
2365,3/17/2013,0.0
2366,3/15/2013,0.16666666666666666
2367,3/14/2013,0.13333333333333333
2368,3/13/2013,-0.3076923076923077
2369,3/12/2013,0.0
2370,3/11/2013,0.2727272727272727
2371,3/9/2013,0.0
2372,3/8/2013,0.3333333333333333
2373,3/7/2013,0.21428571428571427
2374,3/6/2013,0.4
2375,3/5/2013,0.6
2376,3/4/2013,-0.15384615384615385
2377,3/1/2013,0.36363636363636365
2378,2/28/2013,-0.42857142857142855
2379,2/27/2013,-0.08695652173913043
2380,2/26/2013,-0.4
2381,2/25/2013,-0.09090909090909091
2382,2/24/2013,0.0
2383,2/23/2013,0.0
2384,2/22/2013,0.0
2385,2/21/2013,-0.36363636363636365
2386,2/20/2013,0.07692307692307693
2387,2/19/2013,0.1111111111111111
2388,2/18/2013,-0.25
2389,2/15/2013,-0.5
2390,2/14/2013,-0.08333333333333333
2391,2/13/2013,-0.14285714285714285
2392,2/12/2013,-0.25
2393,2/11/2013,0.16666666666666666
2394,2/10/2013,0.3333333333333333
2395,2/8/2013,0.0
2396,2/7/2013,-0.2
2397,2/6/2013,0.3
2398,2/5/2013,-0.42857142857142855
2399,2/4/2013,0.18181818181818182
2400,2/3/2013,0.0
2401,2/2/2013,0.0
2402,2/1/2013,-0.1
2403,1/31/2013,-0.375
2404,1/30/2013,0.3333333333333333
2405,1/29/2013,0.2727272727272727
2406,1/28/2013,0.38461538461538464
2407,1/25/2013,0.0
2408,1/24/2013,-0.25
2409,1/23/2013,0.0
2410,1/22/2013,0.09090909090909091
2411,1/21/2013,0.25
2412,1/18/2013,0.5555555555555556
2413,1/17/2013,0.2222222222222222
2414,1/16/2013,0.1
2415,1/15/2013,0.125
2416,1/14/2013,0.2222222222222222
2417,1/12/2013,-0.5
2418,1/11/2013,0.18181818181818182
2419,1/10/2013,0.375
2420,1/9/2013,0.1
2421,1/8/2013,-0.2857142857142857
2422,1/7/2013,-0.1
2423,1/6/2013,0.0
2424,1/5/2013,-0.3333333333333333
2425,1/4/2013,-0.14285714285714285
2426,1/3/2013,0.6666666666666666
2427,1/2/2013,0.4166666666666667
2428,1/1/2013,0.375
2429,12/31/2012,-0.4
2430,12/30/2012,0.0
2431,12/28/2012,0.0
2432,12/27/2012,0.2727272727272727
2433,12/26/2012,0.25
2434,12/24/2012,0.2222222222222222
2435,12/21/2012,0.0
2436,12/20/2012,-0.125
2437,12/19/2012,0.2857142857142857
2438,12/18/2012,0.3333333333333333
2439,12/17/2012,0.2
2440,12/15/2012,1.0
2441,12/14/2012,0.45454545454545453
2442,12/13/2012,-0.09090909090909091
2443,12/12/2012,-0.2
2444,12/11/2012,0.2222222222222222
2445,12/10/2012,0.16666666666666666
2446,12/9/2012,0.3333333333333333
2447,12/8/2012,1.0
2448,12/7/2012,0.0
2449,12/6/2012,-0.16666666666666666
2450,12/5/2012,0.14285714285714285
2451,12/4/2012,0.4444444444444444
2452,12/3/2012,0.25
2453,12/2/2012,0.0
2454,12/1/2012,1.0
2455,11/30/2012,0.2222222222222222
2456,11/29/2012,0.125
2457,11/28/2012,0.0
2458,11/27/2012,0.2857142857142857
2459,11/26/2012,0.375
2460,11/25/2012,0.0
2461,11/23/2012,-0.1111111111111111
2462,11/22/2012,0.42857142857142855
2463,11/21/2012,0.3333333333333333
2464,11/20/2012,-0.1111111111111111
2465,11/19/2012,0.0
2466,11/17/2012,-1.0
2467,11/16/2012,0.2222222222222222
2468,11/15/2012,-0.09090909090909091
2469,11/13/2012,0.0
2470,11/12/2012,0.4444444444444444
2471,11/11/2012,0.0
2472,11/10/2012,0.0
2473,11/9/2012,-0.375
2474,11/8/2012,-0.4444444444444444
2475,11/7/2012,0.3
2476,11/6/2012,0.375
2477,11/5/2012,0.0
2478,11/3/2012,0.0
2479,11/2/2012,0.5555555555555556
2480,11/1/2012,0.3333333333333333
2481,10/31/2012,0.2222222222222222
2482,10/30/2012,-0.1111111111111111
2483,10/29/2012,0.25
2484,10/26/2012,-0.25
2485,10/25/2012,0.375
2486,10/23/2012,0.18181818181818182
2487,10/22/2012,-0.125
2488,10/20/2012,0.0
2489,10/19/2012,-0.2
2490,10/18/2012,0.08333333333333333
2491,10/17/2012,0.1
2492,10/16/2012,0.2222222222222222
2493,10/15/2012,-0.2222222222222222
2494,10/14/2012,-0.25
2495,10/12/2012,-0.1111111111111111
2496,10/11/2012,-0.2222222222222222
2497,10/10/2012,-0.5555555555555556
2498,10/9/2012,0.3
2499,10/8/2012,-0.3
2500,10/6/2012,0.0
2501,10/5/2012,-0.25
2502,10/4/2012,-0.1111111111111111
2503,10/3/2012,0.1111111111111111
2504,10/1/2012,0.09090909090909091
2505,9/30/2012,1.0
2506,9/29/2012,0.5
2507,9/28/2012,0.3
2508,9/27/2012,0.3
2509,9/26/2012,0.18181818181818182
2510,9/25/2012,0.0
2511,9/24/2012,-0.3
2512,9/22/2012,0.5
2513,9/21/2012,0.2727272727272727
2514,9/20/2012,-0.4
2515,9/18/2012,0.1111111111111111
2516,9/17/2012,0.3333333333333333
2517,9/15/2012,0.0
2518,9/14/2012,0.4
2519,9/13/2012,0.1111111111111111
2520,9/12/2012,0.4
2521,9/11/2012,0.1111111111111111
2522,9/10/2012,0.125
2523,9/9/2012,0.3333333333333333
2524,9/8/2012,0.2
2525,9/7/2012,0.4
2526,9/6/2012,0.1
2527,9/5/2012,-0.45454545454545453
2528,9/4/2012,-0.18181818181818182
2529,9/3/2012,0.09090909090909091
2530,9/1/2012,0.0
2531,8/31/2012,-0.1
2532,8/30/2012,0.2
2533,8/29/2012,-0.3
2534,8/28/2012,0.0
2535,8/27/2012,-0.36363636363636365
2536,8/24/2012,-0.09090909090909091
2537,8/23/2012,0.5
2538,8/22/2012,-0.2
2539,8/21/2012,0.375
2540,8/20/2012,0.0
2541,8/19/2012,0.0
2542,8/18/2012,-1.0
2543,8/17/2012,0.36363636363636365
2544,8/16/2012,0.14285714285714285
2545,8/14/2012,0.125
2546,8/13/2012,-0.14285714285714285
2547,8/11/2012,-0.25
2548,8/10/2012,-0.42857142857142855
2549,8/9/2012,0.0
2550,8/8/2012,0.3333333333333333
2551,8/7/2012,0.5
