,Date
0,08/07/12
1,08/08/12
2,08/09/12
3,08/10/12
4,08/13/12
5,08/14/12
6,08/16/12
7,08/17/12
8,08/21/12
9,08/22/12
10,08/23/12
11,08/24/12
12,08/27/12
13,08/28/12
14,08/29/12
15,08/30/12
16,08/31/12
17,09/03/12
18,09/04/12
19,09/05/12
20,09/06/12
21,09/07/12
22,09/08/12
23,09/10/12
24,09/11/12
25,09/12/12
26,09/13/12
27,09/14/12
28,09/17/12
29,09/18/12
30,09/20/12
31,09/21/12
32,09/24/12
33,09/25/12
34,09/26/12
35,09/27/12
36,09/28/12
37,10/01/12
38,10/03/12
39,10/04/12
40,10/05/12
41,10/08/12
42,10/09/12
43,10/10/12
44,10/11/12
45,10/12/12
46,10/15/12
47,10/16/12
48,10/17/12
49,10/18/12
50,10/19/12
51,10/22/12
52,10/23/12
53,10/25/12
54,10/29/12
55,10/30/12
56,10/31/12
57,11/01/12
58,11/02/12
59,11/05/12
60,11/06/12
61,11/07/12
62,11/08/12
63,11/09/12
64,11/11/12
65,11/12/12
66,11/15/12
67,11/16/12
68,11/19/12
69,11/20/12
70,11/21/12
71,11/22/12
72,11/23/12
73,11/26/12
74,11/27/12
75,11/29/12
76,11/30/12
77,12/03/12
78,12/04/12
79,12/05/12
80,12/06/12
81,12/07/12
82,12/10/12
83,12/11/12
84,12/12/12
85,12/13/12
86,12/14/12
87,12/17/12
88,12/18/12
89,12/19/12
90,12/20/12
91,12/21/12
92,12/24/12
93,12/26/12
94,12/27/12
95,12/28/12
96,12/31/12
97,01/01/13
98,01/02/13
99,01/03/13
100,01/04/13
101,01/07/13
102,01/08/13
103,01/09/13
104,01/10/13
105,01/11/13
106,01/14/13
107,01/15/13
108,01/16/13
109,01/17/13
110,01/18/13
111,01/21/13
112,01/22/13
113,01/23/13
114,01/24/13
115,01/25/13
116,01/28/13
117,01/29/13
118,01/30/13
119,01/31/13
120,02/01/13
121,02/04/13
122,02/05/13
123,02/06/13
124,02/07/13
125,02/08/13
126,02/11/13
127,02/12/13
128,02/13/13
129,02/14/13
130,02/15/13
131,02/18/13
132,02/19/13
133,02/20/13
134,02/21/13
135,02/22/13
136,02/25/13
137,02/26/13
138,02/27/13
139,02/28/13
140,03/01/13
141,03/04/13
142,03/05/13
143,03/06/13
144,03/07/13
145,03/08/13
146,03/11/13
147,03/12/13
148,03/13/13
149,03/14/13
150,03/15/13
151,03/18/13
152,03/19/13
153,03/20/13
154,03/21/13
155,03/22/13
156,03/25/13
157,03/26/13
158,03/28/13
159,04/01/13
160,04/02/13
161,04/03/13
162,04/04/13
163,04/05/13
164,04/08/13
165,04/09/13
166,04/10/13
167,04/11/13
168,04/12/13
169,04/15/13
170,04/16/13
171,04/17/13
172,04/18/13
173,04/22/13
174,04/23/13
175,04/25/13
176,04/26/13
177,04/29/13
178,04/30/13
179,05/02/13
180,05/03/13
181,05/06/13
182,05/07/13
183,05/08/13
184,05/09/13
185,05/10/13
186,05/13/13
187,05/14/13
188,05/15/13
189,05/16/13
190,05/17/13
191,05/20/13
192,05/21/13
193,05/22/13
194,05/23/13
195,05/24/13
196,05/27/13
197,05/28/13
198,05/29/13
199,05/30/13
200,05/31/13
201,06/03/13
202,06/04/13
203,06/05/13
204,06/06/13
205,06/07/13
206,06/10/13
207,06/11/13
208,06/12/13
209,06/13/13
210,06/14/13
211,06/17/13
212,06/18/13
213,06/19/13
214,06/20/13
215,06/21/13
216,06/24/13
217,06/25/13
218,06/26/13
219,06/27/13
220,06/28/13
221,07/01/13
222,07/02/13
223,07/03/13
224,07/04/13
225,07/05/13
226,07/08/13
227,07/09/13
228,07/10/13
229,07/11/13
230,07/12/13
231,07/15/13
232,07/16/13
233,07/17/13
234,07/18/13
235,07/19/13
236,07/22/13
237,07/23/13
238,07/24/13
239,07/25/13
240,07/26/13
241,07/29/13
242,07/30/13
243,07/31/13
244,08/01/13
245,08/02/13
246,08/05/13
247,08/06/13
248,08/07/13
249,08/08/13
250,08/12/13
251,08/13/13
252,08/14/13
253,08/16/13
254,08/19/13
255,08/20/13
256,08/21/13
257,08/22/13
258,08/23/13
259,08/26/13
260,08/27/13
261,08/28/13
262,08/29/13
263,08/30/13
264,09/02/13
265,09/03/13
266,09/04/13
267,09/05/13
268,09/06/13
269,09/10/13
270,09/11/13
271,09/12/13
272,09/13/13
273,09/16/13
274,09/17/13
275,09/18/13
276,09/19/13
277,09/20/13
278,09/23/13
279,09/24/13
280,09/25/13
281,09/26/13
282,09/27/13
283,09/30/13
284,10/01/13
285,10/03/13
286,10/04/13
287,10/07/13
288,10/08/13
289,10/09/13
290,10/10/13
291,10/11/13
292,10/14/13
293,10/15/13
294,10/17/13
295,10/18/13
296,10/21/13
297,10/22/13
298,10/23/13
299,10/24/13
300,10/25/13
301,10/28/13
302,10/29/13
303,10/30/13
304,10/31/13
305,11/01/13
306,11/05/13
307,11/06/13
308,11/07/13
309,11/08/13
310,11/11/13
311,11/12/13
312,11/13/13
313,11/14/13
314,11/18/13
315,11/19/13
316,11/20/13
317,11/21/13
318,11/22/13
319,11/25/13
320,11/26/13
321,11/27/13
322,11/28/13
323,11/29/13
324,12/02/13
325,12/03/13
326,12/04/13
327,12/05/13
328,12/06/13
329,12/09/13
330,12/10/13
331,12/11/13
332,12/12/13
333,12/13/13
334,12/16/13
335,12/17/13
336,12/18/13
337,12/19/13
338,12/20/13
339,12/23/13
340,12/24/13
341,12/26/13
342,12/27/13
343,12/30/13
344,12/31/13
345,01/01/14
346,01/02/14
347,01/03/14
348,01/06/14
349,01/07/14
350,01/08/14
351,01/09/14
352,01/10/14
353,01/13/14
354,01/14/14
355,01/15/14
356,01/16/14
357,01/17/14
358,01/20/14
359,01/21/14
360,01/22/14
361,01/23/14
362,01/24/14
363,01/27/14
364,01/28/14
365,01/29/14
366,01/30/14
367,01/31/14
368,02/03/14
369,02/04/14
370,02/05/14
371,02/06/14
372,02/07/14
373,02/10/14
374,02/11/14
375,02/12/14
376,02/13/14
377,02/14/14
378,02/17/14
379,02/18/14
380,02/19/14
381,02/20/14
382,02/21/14
383,02/24/14
384,02/25/14
385,02/26/14
386,02/28/14
387,03/03/14
388,03/04/14
389,03/05/14
390,03/06/14
391,03/07/14
392,03/10/14
393,03/11/14
394,03/12/14
395,03/13/14
396,03/14/14
397,03/18/14
398,03/19/14
399,03/20/14
400,03/21/14
401,03/22/14
402,03/24/14
403,03/25/14
404,03/26/14
405,03/27/14
406,03/28/14
407,03/31/14
408,04/01/14
409,04/02/14
410,04/03/14
411,04/04/14
412,04/07/14
413,04/09/14
414,04/10/14
415,04/11/14
416,04/15/14
417,04/16/14
418,04/17/14
419,04/21/14
420,04/22/14
421,04/23/14
422,04/24/14
423,04/25/14
424,04/28/14
425,04/29/14
426,04/30/14
427,05/02/14
428,05/05/14
429,05/06/14
430,05/07/14
431,05/08/14
432,05/09/14
433,05/12/14
434,05/13/14
435,05/14/14
436,05/15/14
437,05/16/14
438,05/19/14
439,05/20/14
440,05/21/14
441,05/22/14
442,05/23/14
443,05/26/14
444,05/27/14
445,05/28/14
446,05/29/14
447,05/30/14
448,06/02/14
449,06/03/14
450,06/04/14
451,06/05/14
452,06/06/14
453,06/09/14
454,06/10/14
455,06/11/14
456,06/12/14
457,06/13/14
458,06/16/14
459,06/17/14
460,06/18/14
461,06/19/14
462,06/20/14
463,06/23/14
464,06/24/14
465,06/25/14
466,06/26/14
467,06/27/14
468,06/30/14
469,07/01/14
470,07/02/14
471,07/03/14
472,07/04/14
473,07/07/14
474,07/08/14
475,07/09/14
476,07/10/14
477,07/11/14
478,07/14/14
479,07/15/14
480,07/16/14
481,07/17/14
482,07/18/14
483,07/21/14
484,07/22/14
485,07/23/14
486,07/24/14
487,07/25/14
488,07/28/14
489,07/30/14
490,07/31/14
491,08/01/14
492,08/04/14
493,08/05/14
494,08/06/14
495,08/07/14
496,08/08/14
497,08/11/14
498,08/12/14
499,08/13/14
500,08/14/14
501,08/18/14
502,08/19/14
503,08/20/14
504,08/21/14
505,08/22/14
506,08/25/14
507,08/26/14
508,08/27/14
509,08/28/14
510,09/01/14
511,09/02/14
512,09/03/14
513,09/04/14
514,09/05/14
515,09/08/14
516,09/09/14
517,09/10/14
518,09/11/14
519,09/12/14
520,09/15/14
521,09/16/14
522,09/17/14
523,09/18/14
524,09/19/14
525,09/22/14
526,09/23/14
527,09/24/14
528,09/25/14
529,09/26/14
530,09/29/14
531,09/30/14
532,10/01/14
533,10/07/14
534,10/08/14
535,10/09/14
536,10/10/14
537,10/13/14
538,10/14/14
539,10/15/14
540,10/16/14
541,10/17/14
542,10/20/14
543,10/21/14
544,10/22/14
545,10/27/14
546,10/28/14
547,10/29/14
548,10/30/14
549,10/31/14
550,11/03/14
551,11/05/14
552,11/07/14
553,11/10/14
554,11/11/14
555,11/12/14
556,11/13/14
557,11/14/14
558,11/17/14
559,11/18/14
560,11/19/14
561,11/20/14
562,11/21/14
563,11/24/14
564,11/25/14
565,11/26/14
566,11/27/14
567,11/28/14
568,12/01/14
569,12/02/14
570,12/03/14
571,12/04/14
572,12/05/14
573,12/08/14
574,12/09/14
575,12/10/14
576,12/11/14
577,12/12/14
578,12/15/14
579,12/16/14
580,12/17/14
581,12/18/14
582,12/19/14
583,12/22/14
584,12/23/14
585,12/24/14
586,12/26/14
587,12/29/14
588,12/30/14
589,12/31/14
590,01/01/15
591,01/02/15
592,01/05/15
593,01/06/15
594,01/07/15
595,01/08/15
596,01/09/15
597,01/12/15
598,01/13/15
599,01/14/15
600,01/15/15
601,01/16/15
602,01/19/15
603,01/20/15
604,01/21/15
605,01/22/15
606,01/23/15
607,01/27/15
608,01/28/15
609,01/29/15
610,01/30/15
611,02/02/15
612,02/03/15
613,02/04/15
614,02/05/15
615,02/06/15
616,02/09/15
617,02/10/15
618,02/11/15
619,02/12/15
620,02/13/15
621,02/16/15
622,02/18/15
623,02/19/15
624,02/20/15
625,02/23/15
626,02/24/15
627,02/25/15
628,02/26/15
629,02/27/15
630,02/28/15
631,03/02/15
632,03/03/15
633,03/04/15
634,03/05/15
635,03/09/15
636,03/10/15
637,03/11/15
638,03/12/15
639,03/13/15
640,03/16/15
641,03/17/15
642,03/18/15
643,03/19/15
644,03/20/15
645,03/23/15
646,03/24/15
647,03/25/15
648,03/26/15
649,03/27/15
650,03/30/15
651,03/31/15
652,04/01/15
653,04/06/15
654,04/07/15
655,04/08/15
656,04/09/15
657,04/10/15
658,04/13/15
659,04/15/15
660,04/16/15
661,04/17/15
662,04/20/15
663,04/21/15
664,04/22/15
665,04/23/15
666,04/24/15
667,04/27/15
668,04/28/15
669,04/29/15
670,04/30/15
671,05/04/15
672,05/05/15
673,05/06/15
674,05/07/15
675,05/08/15
676,05/11/15
677,05/12/15
678,05/13/15
679,05/14/15
680,05/15/15
681,05/18/15
682,05/19/15
683,05/20/15
684,05/21/15
685,05/22/15
686,05/25/15
687,05/26/15
688,05/27/15
689,05/28/15
690,05/29/15
691,06/01/15
692,06/02/15
693,06/03/15
694,06/04/15
695,06/05/15
696,06/08/15
697,06/09/15
698,06/10/15
699,06/11/15
700,06/12/15
701,06/15/15
702,06/16/15
703,06/17/15
704,06/18/15
705,06/19/15
706,06/22/15
707,06/23/15
708,06/24/15
709,06/25/15
710,06/26/15
711,06/29/15
712,06/30/15
713,07/01/15
714,07/02/15
715,07/03/15
716,07/06/15
717,07/07/15
718,07/08/15
719,07/09/15
720,07/10/15
721,07/13/15
722,07/14/15
723,07/15/15
724,07/16/15
725,07/17/15
726,07/20/15
727,07/21/15
728,07/22/15
729,07/23/15
730,07/24/15
731,07/27/15
732,07/28/15
733,07/29/15
734,07/30/15
735,07/31/15
736,08/03/15
737,08/04/15
738,08/05/15
739,08/06/15
740,08/07/15
741,08/10/15
742,08/11/15
743,08/12/15
744,08/13/15
745,08/14/15
746,08/17/15
747,08/18/15
748,08/19/15
749,08/20/15
750,08/21/15
751,08/24/15
752,08/25/15
753,08/26/15
754,08/27/15
755,08/28/15
756,08/31/15
757,09/01/15
758,09/02/15
759,09/03/15
760,09/04/15
761,09/07/15
762,09/08/15
763,09/09/15
764,09/10/15
765,09/11/15
766,09/14/15
767,09/15/15
768,09/16/15
769,09/18/15
770,09/21/15
771,09/22/15
772,09/23/15
773,09/24/15
774,09/28/15
775,09/29/15
776,09/30/15
777,10/01/15
778,10/05/15
779,10/06/15
780,10/07/15
781,10/08/15
782,10/09/15
783,10/12/15
784,10/13/15
785,10/14/15
786,10/15/15
787,10/16/15
788,10/19/15
789,10/20/15
790,10/21/15
791,10/23/15
792,10/26/15
793,10/27/15
794,10/28/15
795,10/29/15
796,10/30/15
797,11/02/15
798,11/03/15
799,11/04/15
800,11/05/15
801,11/06/15
802,11/09/15
803,11/10/15
804,11/13/15
805,11/16/15
806,11/17/15
807,11/18/15
808,11/19/15
809,11/20/15
810,11/23/15
811,11/24/15
812,11/26/15
813,11/27/15
814,11/30/15
815,12/01/15
816,12/02/15
817,12/03/15
818,12/04/15
819,12/07/15
820,12/08/15
821,12/09/15
822,12/10/15
823,12/11/15
824,12/14/15
825,12/15/15
826,12/16/15
827,12/17/15
828,12/18/15
829,12/21/15
830,12/22/15
831,12/23/15
832,12/24/15
833,12/28/15
834,12/29/15
835,12/30/15
836,12/31/15
837,01/01/16
838,01/04/16
839,01/05/16
840,01/06/16
841,01/07/16
842,01/08/16
843,01/11/16
844,01/12/16
845,01/13/16
846,01/14/16
847,01/15/16
848,01/18/16
849,01/19/16
850,01/20/16
851,01/21/16
852,01/22/16
853,01/25/16
854,01/27/16
855,01/28/16
856,01/29/16
857,02/01/16
858,02/02/16
859,02/03/16
860,02/04/16
861,02/05/16
862,02/08/16
863,02/09/16
864,02/10/16
865,02/11/16
866,02/12/16
867,02/15/16
868,02/16/16
869,02/17/16
870,02/18/16
871,02/19/16
872,02/22/16
873,02/23/16
874,02/24/16
875,02/25/16
876,02/26/16
877,02/29/16
878,03/01/16
879,03/02/16
880,03/03/16
881,03/04/16
882,03/08/16
883,03/09/16
884,03/10/16
885,03/11/16
886,03/14/16
887,03/15/16
888,03/16/16
889,03/17/16
890,03/18/16
891,03/21/16
892,03/22/16
893,03/23/16
894,03/28/16
895,03/29/16
896,03/30/16
897,03/31/16
898,04/01/16
899,04/04/16
900,04/05/16
901,04/06/16
902,04/07/16
903,04/08/16
904,04/11/16
905,04/12/16
906,04/13/16
907,04/18/16
908,04/20/16
909,04/21/16
910,04/22/16
911,04/25/16
912,04/26/16
913,04/27/16
914,04/28/16
915,04/29/16
916,05/02/16
917,05/03/16
918,05/04/16
919,05/05/16
920,05/06/16
921,05/09/16
922,05/10/16
923,05/11/16
924,05/12/16
925,05/13/16
926,05/16/16
927,05/17/16
928,05/18/16
929,05/19/16
930,05/20/16
931,05/23/16
932,05/24/16
933,05/25/16
934,05/26/16
935,05/27/16
936,05/30/16
937,05/31/16
938,06/01/16
939,06/02/16
940,06/03/16
941,06/06/16
942,06/07/16
943,06/08/16
944,06/09/16
945,06/10/16
946,06/13/16
947,06/14/16
948,06/15/16
949,06/16/16
950,06/17/16
951,06/20/16
952,06/21/16
953,06/22/16
954,06/23/16
955,06/24/16
956,06/27/16
957,06/28/16
958,06/29/16
959,06/30/16
960,07/01/16
961,07/04/16
962,07/05/16
963,07/07/16
964,07/08/16
965,07/11/16
966,07/12/16
967,07/13/16
968,07/14/16
969,07/15/16
970,07/18/16
971,07/19/16
972,07/20/16
973,07/21/16
974,07/22/16
975,07/25/16
976,07/26/16
977,07/27/16
978,07/28/16
979,07/29/16
980,08/01/16
981,08/02/16
982,08/03/16
983,08/04/16
984,08/05/16
985,08/08/16
986,08/09/16
987,08/10/16
988,08/11/16
989,08/12/16
990,08/16/16
991,08/17/16
992,08/18/16
993,08/19/16
994,08/22/16
995,08/23/16
996,08/24/16
997,08/25/16
998,08/26/16
999,08/29/16
1000,08/30/16
1001,08/31/16
1002,09/01/16
1003,09/02/16
1004,09/06/16
1005,09/07/16
1006,09/08/16
1007,09/09/16
1008,09/12/16
1009,09/14/16
1010,09/15/16
1011,09/16/16
1012,09/19/16
1013,09/20/16
1014,09/21/16
1015,09/22/16
1016,09/23/16
1017,09/26/16
1018,09/27/16
1019,09/28/16
1020,09/29/16
1021,09/30/16
1022,10/03/16
1023,10/04/16
1024,10/05/16
1025,10/06/16
1026,10/07/16
1027,10/10/16
1028,10/13/16
1029,10/14/16
1030,10/17/16
1031,10/18/16
1032,10/19/16
1033,10/20/16
1034,10/21/16
1035,10/24/16
1036,10/25/16
1037,10/26/16
1038,10/27/16
1039,10/28/16
1040,11/01/16
1041,11/02/16
1042,11/03/16
1043,11/04/16
1044,11/07/16
1045,11/08/16
1046,11/09/16
1047,11/10/16
1048,11/11/16
1049,11/15/16
1050,11/16/16
1051,11/17/16
1052,11/18/16
1053,11/21/16
1054,11/22/16
1055,11/23/16
1056,11/24/16
1057,11/25/16
1058,11/28/16
1059,11/29/16
1060,11/30/16
1061,12/01/16
1062,12/02/16
1063,12/05/16
1064,12/06/16
1065,12/07/16
1066,12/08/16
1067,12/09/16
1068,12/12/16
1069,12/13/16
1070,12/14/16
1071,12/15/16
1072,12/16/16
1073,12/19/16
1074,12/20/16
1075,12/21/16
1076,12/22/16
1077,12/23/16
1078,12/26/16
1079,12/27/16
1080,12/28/16
1081,12/29/16
1082,12/30/16
1083,01/02/17
1084,01/03/17
1085,01/04/17
1086,01/05/17
1087,01/06/17
1088,01/09/17
1089,01/10/17
1090,01/11/17
1091,01/12/17
1092,01/13/17
1093,01/16/17
1094,01/17/17
1095,01/18/17
1096,01/19/17
1097,01/20/17
1098,01/23/17
1099,01/24/17
1100,01/25/17
1101,01/27/17
1102,01/30/17
1103,01/31/17
1104,02/01/17
1105,02/02/17
1106,02/03/17
1107,02/06/17
1108,02/07/17
1109,02/08/17
1110,02/09/17
1111,02/10/17
1112,02/13/17
1113,02/14/17
1114,02/15/17
1115,02/16/17
1116,02/17/17
1117,02/20/17
1118,02/21/17
1119,02/22/17
1120,02/23/17
1121,02/27/17
1122,02/28/17
1123,03/01/17
1124,03/02/17
1125,03/03/17
1126,03/06/17
1127,03/07/17
1128,03/08/17
1129,03/09/17
1130,03/10/17
1131,03/14/17
1132,03/15/17
1133,03/16/17
1134,03/17/17
1135,03/20/17
1136,03/21/17
1137,03/22/17
1138,03/23/17
1139,03/24/17
1140,03/27/17
1141,03/28/17
1142,03/29/17
1143,03/30/17
1144,03/31/17
1145,04/03/17
1146,04/05/17
1147,04/06/17
1148,04/07/17
1149,04/10/17
1150,04/11/17
1151,04/12/17
1152,04/13/17
1153,04/17/17
1154,04/18/17
1155,04/19/17
1156,04/20/17
1157,04/21/17
1158,04/24/17
1159,04/25/17
1160,04/26/17
1161,04/27/17
1162,04/28/17
1163,05/02/17
1164,05/03/17
1165,05/04/17
1166,05/05/17
1167,05/08/17
1168,05/09/17
1169,05/10/17
1170,05/11/17
1171,05/12/17
1172,05/15/17
1173,05/16/17
1174,05/17/17
1175,05/18/17
1176,05/19/17
1177,05/22/17
1178,05/23/17
1179,05/24/17
1180,05/25/17
1181,05/26/17
1182,05/29/17
1183,05/30/17
1184,05/31/17
1185,06/01/17
1186,06/02/17
1187,06/05/17
1188,06/06/17
1189,06/07/17
1190,06/08/17
1191,06/09/17
1192,06/12/17
1193,06/13/17
1194,06/14/17
1195,06/15/17
1196,06/16/17
1197,06/19/17
1198,06/20/17
1199,06/21/17
1200,06/22/17
1201,06/23/17
1202,06/27/17
1203,06/28/17
1204,06/29/17
1205,06/30/17
1206,07/03/17
1207,07/04/17
1208,07/05/17
1209,07/06/17
1210,07/07/17
1211,07/10/17
1212,07/11/17
1213,07/12/17
1214,07/13/17
1215,07/14/17
1216,07/17/17
1217,07/18/17
1218,07/19/17
1219,07/20/17
1220,07/21/17
1221,07/24/17
1222,07/25/17
1223,07/26/17
1224,07/27/17
1225,07/28/17
1226,07/31/17
1227,08/01/17
1228,08/02/17
1229,08/03/17
1230,08/04/17
1231,08/07/17
1232,08/08/17
1233,08/09/17
1234,08/10/17
1235,08/11/17
1236,08/14/17
1237,08/16/17
1238,08/17/17
1239,08/18/17
1240,08/21/17
1241,08/22/17
1242,08/23/17
1243,08/24/17
1244,08/28/17
1245,08/29/17
1246,08/30/17
1247,08/31/17
1248,09/01/17
1249,09/04/17
1250,09/05/17
1251,09/06/17
1252,09/07/17
1253,09/08/17
1254,09/11/17
1255,09/12/17
1256,09/13/17
1257,09/14/17
1258,09/15/17
1259,09/18/17
1260,09/19/17
1261,09/20/17
1262,09/21/17
1263,09/22/17
1264,09/25/17
1265,09/26/17
1266,09/27/17
1267,09/28/17
1268,09/29/17
1269,10/03/17
1270,10/04/17
1271,10/05/17
1272,10/06/17
1273,10/09/17
1274,10/10/17
1275,10/11/17
1276,10/12/17
1277,10/13/17
1278,10/16/17
1279,10/17/17
1280,10/18/17
1281,10/19/17
1282,10/23/17
1283,10/24/17
1284,10/25/17
1285,10/26/17
1286,10/27/17
1287,10/30/17
1288,10/31/17
1289,11/01/17
1290,11/02/17
1291,11/03/17
1292,11/06/17
1293,11/07/17
1294,11/08/17
1295,11/09/17
1296,11/10/17
1297,11/13/17
1298,11/14/17
1299,11/15/17
1300,11/16/17
1301,11/17/17
1302,11/20/17
1303,11/21/17
1304,11/22/17
1305,11/23/17
1306,11/24/17
1307,11/27/17
1308,11/28/17
1309,11/29/17
1310,11/30/17
1311,12/01/17
1312,12/04/17
1313,12/05/17
1314,12/06/17
1315,12/07/17
1316,12/08/17
1317,12/11/17
1318,12/12/17
1319,12/13/17
1320,12/14/17
1321,12/15/17
1322,12/18/17
1323,12/19/17
1324,12/20/17
1325,12/21/17
1326,12/22/17
1327,12/26/17
1328,12/27/17
1329,12/28/17
1330,12/29/17
1331,01/01/18
1332,01/02/18
1333,01/03/18
1334,01/04/18
1335,01/05/18
1336,01/08/18
1337,01/09/18
1338,01/10/18
1339,01/11/18
1340,01/12/18
1341,01/15/18
1342,01/16/18
1343,01/17/18
1344,01/18/18
1345,01/19/18
1346,01/22/18
1347,01/23/18
1348,01/24/18
1349,01/25/18
1350,01/29/18
1351,01/30/18
1352,01/31/18
1353,02/01/18
1354,02/02/18
1355,02/05/18
1356,02/06/18
1357,02/07/18
1358,02/08/18
1359,02/09/18
1360,02/12/18
1361,02/14/18
1362,02/15/18
1363,02/16/18
1364,02/19/18
1365,02/20/18
1366,02/21/18
1367,02/22/18
1368,02/23/18
1369,02/26/18
1370,02/27/18
1371,02/28/18
1372,03/01/18
1373,03/05/18
1374,03/06/18
1375,03/07/18
1376,03/08/18
1377,03/09/18
1378,03/12/18
1379,03/13/18
1380,03/14/18
1381,03/15/18
1382,03/16/18
1383,03/19/18
1384,03/20/18
1385,03/21/18
1386,03/22/18
1387,03/23/18
1388,03/26/18
1389,03/27/18
1390,03/28/18
1391,04/02/18
1392,04/03/18
1393,04/04/18
1394,04/05/18
1395,04/06/18
1396,04/09/18
1397,04/10/18
1398,04/11/18
1399,04/12/18
1400,04/13/18
1401,04/16/18
1402,04/17/18
1403,04/18/18
1404,04/19/18
1405,04/20/18
1406,04/23/18
1407,04/24/18
1408,04/25/18
1409,04/26/18
1410,04/27/18
1411,04/30/18
1412,05/02/18
1413,05/03/18
1414,05/04/18
1415,05/07/18
1416,05/08/18
1417,05/09/18
1418,05/10/18
1419,05/11/18
1420,05/14/18
1421,05/15/18
1422,05/16/18
1423,05/17/18
1424,05/18/18
1425,05/21/18
1426,05/22/18
1427,05/23/18
1428,05/24/18
1429,05/25/18
1430,05/28/18
1431,05/29/18
1432,05/30/18
1433,05/31/18
1434,06/01/18
1435,06/04/18
1436,06/05/18
1437,06/06/18
1438,06/07/18
1439,06/08/18
1440,06/11/18
1441,06/12/18
1442,06/13/18
1443,06/14/18
1444,06/15/18
1445,06/18/18
1446,06/19/18
1447,06/20/18
1448,06/21/18
1449,06/22/18
1450,06/25/18
1451,06/26/18
1452,06/27/18
1453,06/28/18
1454,06/29/18
1455,07/02/18
1456,07/03/18
1457,07/04/18
1458,07/05/18
1459,07/06/18
1460,07/09/18
1461,07/10/18
1462,07/11/18
1463,07/12/18
1464,07/13/18
1465,07/16/18
1466,07/17/18
1467,07/18/18
1468,07/19/18
1469,07/20/18
1470,07/23/18
1471,07/24/18
1472,07/25/18
1473,07/26/18
1474,07/27/18
1475,07/30/18
1476,07/31/18
1477,08/01/18
1478,08/02/18
1479,08/03/18
1480,08/06/18
1481,08/07/18
1482,08/08/18
1483,08/09/18
1484,08/10/18
1485,08/13/18
1486,08/14/18
1487,08/16/18
1488,08/17/18
1489,08/20/18
1490,08/21/18
1491,08/23/18
1492,08/24/18
1493,08/27/18
1494,08/28/18
1495,08/29/18
1496,08/30/18
1497,08/31/18
1498,09/03/18
1499,09/04/18
1500,09/05/18
1501,09/06/18
1502,09/07/18
1503,09/10/18
1504,09/11/18
1505,09/12/18
1506,09/14/18
1507,09/17/18
1508,09/18/18
1509,09/19/18
1510,09/21/18
1511,09/24/18
1512,09/25/18
1513,09/26/18
1514,09/27/18
1515,09/28/18
1516,10/01/18
1517,10/03/18
1518,10/04/18
1519,10/05/18
1520,10/08/18
1521,10/09/18
1522,10/10/18
1523,10/11/18
1524,10/12/18
1525,10/15/18
1526,10/16/18
1527,10/17/18
1528,10/19/18
1529,10/22/18
1530,10/23/18
1531,10/24/18
1532,10/25/18
1533,10/26/18
1534,10/29/18
1535,10/30/18
1536,10/31/18
1537,11/01/18
1538,11/02/18
1539,11/05/18
1540,11/06/18
1541,11/07/18
1542,11/09/18
1543,11/12/18
1544,11/13/18
1545,11/14/18
1546,11/15/18
1547,11/16/18
1548,11/19/18
1549,11/20/18
1550,11/21/18
1551,11/22/18
1552,11/26/18
1553,11/27/18
1554,11/28/18
1555,11/29/18
1556,11/30/18
1557,12/03/18
1558,12/04/18
1559,12/05/18
1560,12/06/18
1561,12/07/18
1562,12/10/18
1563,12/11/18
1564,12/12/18
1565,12/13/18
1566,12/14/18
1567,12/17/18
1568,12/18/18
1569,12/19/18
1570,12/20/18
1571,12/21/18
1572,12/24/18
1573,12/26/18
1574,12/27/18
1575,12/28/18
1576,12/31/18
1577,01/01/19
1578,01/02/19
1579,01/03/19
1580,01/04/19
1581,01/07/19
1582,01/08/19
1583,01/09/19
1584,01/10/19
1585,01/11/19
1586,01/14/19
1587,01/15/19
1588,01/16/19
1589,01/17/19
1590,01/18/19
1591,01/21/19
1592,01/22/19
1593,01/23/19
1594,01/24/19
1595,01/25/19
1596,01/28/19
1597,01/29/19
1598,01/30/19
1599,01/31/19
1600,02/01/19
1601,02/04/19
1602,02/05/19
1603,02/06/19
1604,02/07/19
1605,02/08/19
1606,02/11/19
1607,02/12/19
1608,02/14/19
1609,02/15/19
1610,02/18/19
1611,02/19/19
1612,02/20/19
1613,02/21/19
1614,02/22/19
1615,02/25/19
1616,02/26/19
1617,02/27/19
1618,02/28/19
1619,03/01/19
1620,03/05/19
1621,03/06/19
1622,03/07/19
1623,03/08/19
1624,03/11/19
1625,03/12/19
1626,03/13/19
1627,03/14/19
1628,03/15/19
1629,03/18/19
1630,03/19/19
1631,03/20/19
1632,03/22/19
1633,03/25/19
1634,03/26/19
1635,03/27/19
1636,03/28/19
1637,04/01/19
1638,04/02/19
1639,04/03/19
1640,04/04/19
1641,04/05/19
1642,04/08/19
1643,04/09/19
1644,04/10/19
1645,04/11/19
1646,04/12/19
1647,04/15/19
1648,04/16/19
1649,04/18/19
1650,04/22/19
1651,04/23/19
1652,04/24/19
1653,04/25/19
1654,04/26/19
1655,04/30/19
1656,05/02/19
1657,05/03/19
1658,05/06/19
1659,05/07/19
1660,05/08/19
1661,05/09/19
1662,05/10/19
1663,05/13/19
1664,05/14/19
1665,05/15/19
1666,05/16/19
1667,05/17/19
1668,05/20/19
1669,05/21/19
1670,05/22/19
1671,05/23/19
1672,05/24/19
1673,05/27/19
1674,05/28/19
1675,05/29/19
1676,05/30/19
1677,05/31/19
1678,06/03/19
1679,06/04/19
1680,06/06/19
1681,06/07/19
1682,06/10/19
1683,06/11/19
1684,06/12/19
1685,06/13/19
1686,06/14/19
1687,06/17/19
1688,06/18/19
1689,06/19/19
1690,06/20/19
1691,06/21/19
1692,06/24/19
1693,06/25/19
1694,06/26/19
1695,06/27/19
1696,06/28/19
1697,07/01/19
1698,07/02/19
1699,07/03/19
1700,07/04/19
1701,07/05/19
1702,07/08/19
1703,07/09/19
1704,07/10/19
1705,07/11/19
1706,07/12/19
1707,07/15/19
1708,07/16/19
1709,07/17/19
1710,07/18/19
1711,07/19/19
1712,07/22/19
1713,07/23/19
1714,07/24/19
1715,07/25/19
1716,07/26/19
1717,07/29/19
1718,07/30/19
1719,07/31/19
1720,08/01/19
1721,08/02/19
1722,08/05/19
1723,08/06/19
1724,08/07/19
1725,08/08/19
1726,08/09/19
1727,08/13/19
1728,08/14/19
1729,08/16/19
1730,08/19/19
1731,08/20/19
1732,08/21/19
1733,08/22/19
1734,08/23/19
1735,08/26/19
1736,08/27/19
1737,08/28/19
1738,08/29/19
1739,08/30/19
1740,09/03/19
1741,09/04/19
1742,09/05/19
1743,09/06/19
1744,09/09/19
1745,09/11/19
1746,09/12/19
1747,09/13/19
1748,09/16/19
1749,09/17/19
1750,09/18/19
1751,09/19/19
1752,09/20/19
1753,09/23/19
1754,09/24/19
1755,09/25/19
1756,09/26/19
1757,09/27/19
1758,09/30/19
1759,10/01/19
1760,10/03/19
1761,10/04/19
1762,10/07/19
1763,10/09/19
1764,10/10/19
1765,10/11/19
1766,10/14/19
1767,10/15/19
1768,10/16/19
1769,10/17/19
1770,10/18/19
1771,10/22/19
1772,10/23/19
1773,10/24/19
1774,10/25/19
1775,10/27/19
1776,10/29/19
1777,10/30/19
1778,10/31/19
1779,11/01/19
1780,11/04/19
1781,11/05/19
1782,11/06/19
1783,11/07/19
1784,11/08/19
1785,11/11/19
1786,11/13/19
1787,11/14/19
1788,11/15/19
1789,11/18/19
1790,11/19/19
1791,11/20/19
1792,11/21/19
1793,11/22/19
1794,11/25/19
1795,11/26/19
1796,11/27/19
1797,11/28/19
1798,11/29/19
1799,12/02/19
1800,12/03/19
1801,12/04/19
1802,12/05/19
1803,12/06/19
1804,12/09/19
1805,12/10/19
1806,12/11/19
1807,12/12/19
1808,12/13/19
1809,12/16/19
1810,12/17/19
1811,12/18/19
1812,12/19/19
1813,12/20/19
1814,12/23/19
1815,12/24/19
1816,12/26/19
1817,12/27/19
1818,12/30/19
1819,12/31/19
1820,01/01/20
1821,01/02/20
1822,01/03/20
1823,01/06/20
1824,01/07/20
1825,01/08/20
1826,01/09/20
1827,01/10/20
1828,01/13/20
1829,01/14/20
1830,01/15/20
1831,01/16/20
1832,01/17/20
1833,01/20/20
1834,01/21/20
1835,01/22/20
1836,01/23/20
1837,01/24/20
1838,01/27/20
1839,01/28/20
1840,01/29/20
1841,01/30/20
1842,01/31/20
1843,02/03/20
1844,02/04/20
1845,02/05/20
1846,02/06/20
1847,02/07/20
1848,02/10/20
1849,02/11/20
1850,02/12/20
1851,02/13/20
1852,02/14/20
1853,02/17/20
1854,02/18/20
1855,02/19/20
1856,02/20/20
1857,02/24/20
1858,02/25/20
1859,02/26/20
1860,02/27/20
1861,02/28/20
1862,03/02/20
1863,03/03/20
1864,03/04/20
1865,03/05/20
1866,03/06/20
1867,03/09/20
1868,03/11/20
1869,03/12/20
1870,03/13/20
1871,03/16/20
1872,03/17/20
1873,03/18/20
1874,03/19/20
1875,03/20/20
1876,03/23/20
1877,03/24/20
1878,03/25/20
1879,03/26/20
1880,03/27/20
1881,03/30/20
1882,03/31/20
1883,04/01/20
1884,04/03/20
1885,04/07/20
1886,04/08/20
1887,04/09/20
1888,04/13/20
1889,04/15/20
1890,04/16/20
1891,04/17/20
1892,04/20/20
1893,04/21/20
1894,04/22/20
1895,04/23/20
1896,04/24/20
1897,04/27/20
1898,04/28/20
1899,04/29/20
1900,04/30/20
1901,05/04/20
1902,05/05/20
1903,05/06/20
1904,05/07/20
1905,05/08/20
1906,05/11/20
1907,05/12/20
1908,05/13/20
1909,05/14/20
1910,05/15/20
1911,05/18/20
1912,05/19/20
1913,05/20/20
1914,05/21/20
1915,05/22/20
1916,05/26/20
1917,05/27/20
1918,05/28/20
1919,05/29/20
1920,06/01/20
1921,06/02/20
1922,06/03/20
1923,06/04/20
1924,06/05/20
1925,06/08/20
1926,06/09/20
1927,06/10/20
1928,06/11/20
1929,06/12/20
1930,06/15/20
1931,06/16/20
1932,06/17/20
1933,06/18/20
1934,06/19/20
1935,06/22/20
1936,06/23/20
1937,06/24/20
1938,06/25/20
1939,06/26/20
1940,06/29/20
1941,06/30/20
1942,07/01/20
1943,07/02/20
1944,07/03/20
1945,07/06/20
1946,07/07/20
1947,07/08/20
1948,07/09/20
1949,07/10/20
1950,07/13/20
1951,07/14/20
1952,07/15/20
1953,07/16/20
1954,07/17/20
1955,07/20/20
1956,07/21/20
1957,07/22/20
1958,07/23/20
1959,07/24/20
1960,07/27/20
1961,07/28/20
1962,07/29/20
1963,07/30/20
1964,07/31/20
1965,08/03/20
1966,08/04/20
1967,08/05/20
1968,08/06/20
1969,08/07/20
1970,08/10/20
1971,08/11/20
1972,08/12/20
1973,08/13/20
1974,08/14/20
1975,08/17/20
1976,08/18/20
1977,08/19/20
1978,08/20/20
1979,08/21/20
1980,08/24/20
1981,08/25/20
1982,08/26/20
1983,08/27/20
1984,08/28/20
1985,08/31/20
1986,09/01/20
1987,09/02/20
1988,09/03/20
1989,09/04/20
1990,09/07/20
1991,09/08/20
1992,09/09/20
1993,09/10/20
1994,09/11/20
1995,09/14/20
1996,09/15/20
1997,09/16/20
1998,09/17/20
1999,09/18/20
2000,09/21/20
2001,09/22/20
2002,09/23/20
2003,09/24/20
2004,09/25/20
2005,09/28/20
2006,09/29/20
2007,09/30/20
2008,10/01/20
2009,10/05/20
2010,10/06/20
2011,10/07/20
2012,10/08/20
2013,10/09/20
2014,10/12/20
2015,10/13/20
2016,10/14/20
2017,10/15/20
2018,10/16/20
2019,10/19/20
2020,10/20/20
2021,10/21/20
2022,10/22/20
2023,10/23/20
2024,10/26/20
2025,10/27/20
2026,10/28/20
2027,10/29/20
2028,10/30/20
2029,11/02/20
2030,11/03/20
2031,11/04/20
2032,11/05/20
2033,11/06/20
2034,11/09/20
2035,11/10/20
2036,11/11/20
2037,11/12/20
2038,11/13/20
2039,11/14/20
2040,11/17/20
2041,11/18/20
2042,11/19/20
2043,11/20/20
2044,11/23/20
2045,11/24/20
2046,11/25/20
2047,11/26/20
2048,11/27/20
2049,12/01/20
2050,12/02/20
2051,12/03/20
2052,12/04/20
2053,12/07/20
2054,12/08/20
2055,12/09/20
2056,12/10/20
2057,12/11/20
2058,12/14/20
2059,12/15/20
2060,12/16/20
2061,12/17/20
2062,12/18/20
2063,12/21/20
2064,12/22/20
2065,12/23/20
2066,12/24/20
2067,12/28/20
2068,12/29/20
2069,12/30/20
2070,12/31/20
2071,01/01/21
2072,01/04/21
2073,01/05/21
2074,01/06/21
2075,01/07/21
2076,01/08/21
2077,01/11/21
2078,01/12/21
2079,01/13/21
2080,01/14/21
2081,01/15/21
2082,01/18/21
2083,01/19/21
2084,01/20/21
2085,01/21/21
2086,01/22/21
2087,01/25/21
2088,01/27/21
2089,01/28/21
2090,01/29/21
2091,02/01/21
2092,02/02/21
2093,02/03/21
2094,02/04/21
2095,02/05/21
2096,02/08/21
2097,02/09/21
2098,02/10/21
2099,02/11/21
2100,02/12/21
2101,02/15/21
2102,02/16/21
2103,02/17/21
2104,02/18/21
2105,02/19/21
2106,02/22/21
2107,02/23/21
2108,02/24/21
2109,02/25/21
2110,02/26/21
2111,03/01/21
2112,03/02/21
2113,03/03/21
2114,03/04/21
2115,03/05/21
2116,03/08/21
2117,03/09/21
2118,03/10/21
2119,03/12/21
2120,03/15/21
2121,03/16/21
2122,03/17/21
2123,03/18/21
2124,03/19/21
2125,03/22/21
2126,03/23/21
2127,03/24/21
2128,03/25/21
2129,03/26/21
2130,03/30/21
2131,03/31/21
2132,04/01/21
2133,04/05/21
2134,04/06/21
2135,04/07/21
2136,04/08/21
2137,04/09/21
2138,04/12/21
2139,04/13/21
2140,04/15/21
2141,04/16/21
