,level_0,index,Dates,scores
2023,2023,2023,2012-08-07,0.43799999999999994
2022,2022,2022,2012-08-08,0.1822
2021,2021,2021,2012-08-09,-0.009333333333333341
2020,2020,2020,2012-08-10,0.062185714285714275
2019,2019,2019,2012-08-13,0.27721428571428575
2018,2018,2018,2012-08-14,0.3318375
2017,2017,2017,2012-08-16,0.3905714285714286
2016,2016,2016,2012-08-17,0.3222
2015,2015,2015,2012-08-21,0.3662375
2014,2014,2014,2012-08-22,0.19610999999999995
2013,2013,2013,2012-08-23,0.26722999999999997
2012,2012,2012,2012-08-24,0.1666090909090909
2011,2011,2011,2012-08-27,0.08917272727272728
2010,2010,2010,2012-08-28,0.17862499999999998
2009,2009,2009,2012-08-29,0.19279000000000002
2008,2008,2008,2012-08-30,-0.04346
2007,2007,2007,2012-08-31,0.06556999999999999
2006,2006,2006,2012-09-03,0.23659999999999998
2005,2005,2005,2012-09-04,0.09790909090909089
2004,2004,2004,2012-09-05,0.07728181818181817
2003,2003,2003,2012-09-06,0.23983000000000004
2002,2002,2002,2012-09-07,0.24918
2001,2001,2001,2012-09-08,0.66076
2000,2000,2000,2012-09-10,0.17633749999999998
1999,1999,1999,2012-09-11,0.05145555555555555
1998,1998,1998,2012-09-12,0.26765999999999995
1997,1997,1997,2012-09-13,0.23261111111111113
1996,1996,1996,2012-09-14,0.35423
1995,1995,1995,2012-09-17,0.29891666666666666
1994,1994,1994,2012-09-18,0.1449333333333333
1993,1993,1993,2012-09-20,-0.16816
1992,1992,1992,2012-09-21,0.2771181818181818
1991,1991,1991,2012-09-24,0.19668999999999998
1990,1990,1990,2012-09-25,0.31734
1989,1989,1989,2012-09-26,0.09443636363636361
1988,1988,1988,2012-09-27,0.39518
1987,1987,1987,2012-09-28,0.18838
1986,1986,1986,2012-10-01,0.32794545454545454
1985,1985,1985,2012-10-03,0.1254222222222222
1984,1984,1984,2012-10-04,0.355
1983,1983,1983,2012-10-05,0.21977500000000003
1982,1982,1982,2012-10-08,0.09230999999999998
1981,1981,1981,2012-10-09,0.33899
1980,1980,1980,2012-10-10,-0.024788888888888878
1979,1979,1979,2012-10-11,0.3433777777777778
1978,1978,1978,2012-10-12,-0.0099
1977,1977,1977,2012-10-15,0.03731111111111111
1976,1976,1976,2012-10-16,0.1943888888888889
1975,1975,1975,2012-10-17,0.23674
1974,1974,1974,2012-10-18,0.18579166666666666
1973,1973,1973,2012-10-19,0.16168999999999997
1972,1972,1972,2012-10-22,0.008487500000000009
1971,1971,1971,2012-10-23,0.22359090909090906
1970,1970,1970,2012-10-25,0.37726250000000006
1969,1969,1969,2012-10-29,0.26756250000000004
1968,1968,1968,2012-10-30,0.29889999999999994
1967,1967,1967,2012-10-31,0.3355888888888889
1966,1966,1966,2012-11-01,0.29715555555555556
1965,1965,1965,2012-11-02,0.2653111111111111
1964,1964,1964,2012-11-05,0.1094888888888889
1963,1963,1963,2012-11-06,0.29185
1962,1962,1962,2012-11-07,0.36567
1961,1961,1961,2012-11-08,-0.0826666666666667
1960,1960,1960,2012-11-09,0.07594999999999999
1959,1959,1959,2012-11-11,0.07775000000000001
1958,1958,1958,2012-11-12,0.4095222222222222
1957,1957,1957,2012-11-15,-0.10188181818181818
1956,1956,1956,2012-11-16,0.3259222222222222
1955,1955,1955,2012-11-19,0.1383
1954,1954,1954,2012-11-20,0.3188333333333333
1953,1953,1953,2012-11-21,0.3491888888888889
1952,1952,1952,2012-11-22,0.42247142857142855
1951,1951,1951,2012-11-23,0.1815111111111111
1950,1950,1950,2012-11-26,0.210975
1949,1949,1949,2012-11-27,0.26348571428571427
1948,1948,1948,2012-11-29,0.3286
1947,1947,1947,2012-11-30,0.06329999999999998
1946,1946,1946,2012-12-03,0.31271249999999995
1945,1945,1945,2012-12-04,0.09861111111111111
1944,1944,1944,2012-12-05,0.1980142857142857
1943,1943,1943,2012-12-06,0.25046666666666667
1942,1942,1942,2012-12-07,0.24694999999999998
1941,1941,1941,2012-12-10,0.3711583333333334
1940,1940,1940,2012-12-11,0.5184222222222222
1939,1939,1939,2012-12-12,0.27526
1938,1938,1938,2012-12-13,0.23675454545454544
1937,1937,1937,2012-12-14,0.11095454545454544
1936,1936,1936,2012-12-17,0.22389
1935,1935,1935,2012-12-18,0.27366666666666667
1934,1934,1934,2012-12-19,0.3444857142857143
1933,1933,1933,2012-12-20,0.20941249999999997
1932,1932,1932,2012-12-21,0.22426153846153843
1931,1931,1931,2012-12-24,0.18604444444444443
1930,1930,1930,2012-12-26,0.315975
1929,1929,1929,2012-12-27,0.23894545454545452
1928,1928,1928,2012-12-28,0.13396666666666665
1927,1927,1927,2012-12-31,0.1818
1926,1926,1926,2013-01-01,0.2743
1925,1925,1925,2013-01-02,0.229625
1924,1924,1924,2013-01-03,0.4331833333333333
1923,1923,1923,2013-01-04,0.23515714285714284
1922,1922,1922,2013-01-07,0.30232
1921,1921,1921,2013-01-08,0.06685714285714285
1920,1920,1920,2013-01-09,0.41337999999999997
1919,1919,1919,2013-01-10,0.2523625
1918,1918,1918,2013-01-11,0.19824545454545453
1917,1917,1917,2013-01-14,0.15298888888888887
1916,1916,1916,2013-01-15,0.2738
1915,1915,1915,2013-01-16,0.27686
1914,1914,1914,2013-01-17,0.2964111111111111
1913,1913,1913,2013-01-18,0.4597333333333333
1912,1912,1912,2013-01-21,0.26189999999999997
1911,1911,1911,2013-01-22,0.2395090909090909
1910,1910,1910,2013-01-23,0.38411818181818175
1909,1909,1909,2013-01-24,-0.0748125
1908,1908,1908,2013-01-25,0.30111000000000004
1907,1907,1907,2013-01-28,0.31982307692307693
1906,1906,1906,2013-01-29,0.3039636363636364
1905,1905,1905,2013-01-30,0.31816666666666665
1904,1904,1904,2013-01-31,0.23295
1903,1903,1903,2013-02-01,0.31246999999999997
1902,1902,1902,2013-02-04,0.25228181818181816
1901,1901,1901,2013-02-05,0.25138571428571427
1900,1900,1900,2013-02-06,0.35773999999999995
1899,1899,1899,2013-02-07,0.30297999999999997
1898,1898,1898,2013-02-08,0.3552142857142857
1897,1897,1897,2013-02-11,0.26739999999999997
1896,1896,1896,2013-02-12,0.024112499999999974
1895,1895,1895,2013-02-13,0.3053571428571428
1894,1894,1894,2013-02-14,0.32381666666666664
1893,1893,1893,2013-02-15,-0.013210000000000005
1892,1892,1892,2013-02-18,0.22201666666666664
1891,1891,1891,2013-02-19,0.19975555555555555
1890,1890,1890,2013-02-20,0.30453846153846154
1889,1889,1889,2013-02-21,0.11995454545454544
1888,1888,1888,2013-02-22,0.34917499999999996
1887,1887,1887,2013-02-25,0.23101818181818176
1886,1886,1886,2013-02-26,0.11279999999999998
1885,1885,1885,2013-02-27,0.26756086956521746
1884,1884,1884,2013-02-28,0.23915714285714285
1883,1883,1883,2013-03-01,0.30324545454545454
1882,1882,1882,2013-03-04,0.0824076923076923
1881,1881,1881,2013-03-05,0.24823999999999996
1880,1880,1880,2013-03-06,0.23287
1879,1879,1879,2013-03-07,0.3486857142857143
1878,1878,1878,2013-03-08,0.4104916666666667
1877,1877,1877,2013-03-11,0.42352727272727275
1876,1876,1876,2013-03-12,0.2042090909090909
1875,1875,1875,2013-03-13,0.09111538461538458
1874,1874,1874,2013-03-14,0.26499999999999996
1873,1873,1873,2013-03-15,0.3424833333333333
1872,1872,1872,2013-03-18,0.12547999999999998
1871,1871,1871,2013-03-19,0.09937
1870,1870,1870,2013-03-20,0.22402307692307694
1869,1869,1869,2013-03-21,0.24618461538461536
1868,1868,1868,2013-03-22,0.1511153846153846
1867,1867,1867,2013-03-25,0.4184076923076923
1866,1866,1866,2013-03-26,0.21224999999999997
1865,1865,1865,2013-03-28,0.14867499999999997
1864,1864,1864,2013-04-01,0.21300833333333333
1863,1863,1863,2013-04-02,0.2635133333333333
1862,1862,1862,2013-04-03,0.1805
1861,1861,1861,2013-04-04,0.1850875
1860,1860,1860,2013-04-05,0.3495692307692308
1859,1859,1859,2013-04-08,0.2204222222222222
1858,1858,1858,2013-04-09,0.2529333333333333
1857,1857,1857,2013-04-10,0.2501133333333333
1856,1856,1856,2013-04-11,0.3213266666666667
1855,1855,1855,2013-04-12,0.21374999999999997
1854,1854,1854,2013-04-15,0.17799166666666666
1853,1853,1853,2013-04-16,0.34178333333333333
1852,1852,1852,2013-04-17,0.3104857142857143
1851,1851,1851,2013-04-18,0.14443636363636364
1850,1850,1850,2013-04-22,0.20059230769230768
1849,1849,1849,2013-04-23,0.3674076923076923
1848,1848,1848,2013-04-25,0.31342857142857145
1847,1847,1847,2013-04-26,0.39438125
1846,1846,1846,2013-04-29,0.38159999999999994
1845,1845,1845,2013-04-30,0.34930833333333333
1844,1844,1844,2013-05-02,0.31039999999999995
1843,1843,1843,2013-05-03,0.23788
1842,1842,1842,2013-05-06,0.33294545454545454
1841,1841,1841,2013-05-07,0.38243750000000004
1840,1840,1840,2013-05-08,0.21544999999999997
1839,1839,1839,2013-05-09,0.3097833333333333
1838,1838,1838,2013-05-10,0.28994666666666663
1837,1837,1837,2013-05-13,0.14170714285714284
1836,1836,1836,2013-05-14,0.23805384615384614
1835,1835,1835,2013-05-15,0.30083750000000004
1834,1834,1834,2013-05-16,0.19917692307692306
1833,1833,1833,2013-05-17,0.16996
1832,1832,1832,2013-05-20,0.13074545454545453
1831,1831,1831,2013-05-21,0.20195714285714286
1830,1830,1830,2013-05-22,0.24872
1829,1829,1829,2013-05-23,-0.025933333333333333
1828,1828,1828,2013-05-24,0.10418333333333334
1827,1827,1827,2013-05-27,0.20006363636363636
1826,1826,1826,2013-05-28,0.33019
1825,1825,1825,2013-05-29,0.062012499999999984
1824,1824,1824,2013-05-30,0.11273999999999999
1823,1823,1823,2013-05-31,0.11803999999999999
1822,1822,1822,2013-06-03,0.039525
1821,1821,1821,2013-06-04,0.0985125
1820,1820,1820,2013-06-05,0.3215857142857143
1819,1819,1819,2013-06-06,-0.010236363636363635
1818,1818,1818,2013-06-07,0.3278375
1817,1817,1817,2013-06-10,0.18065454545454543
1816,1816,1816,2013-06-11,0.03422000000000001
1815,1815,1815,2013-06-12,0.019091666666666646
1814,1814,1814,2013-06-13,0.0793888888888889
1813,1813,1813,2013-06-14,0.29010833333333336
1812,1812,1812,2013-06-17,0.32676999999999995
1811,1811,1811,2013-06-18,0.11225555555555555
1810,1810,1810,2013-06-19,0.0914375
1809,1809,1809,2013-06-20,0.087525
1808,1808,1808,2013-06-21,0.22757
1807,1807,1807,2013-06-24,-0.2138454545454546
1806,1806,1806,2013-06-25,0.1866818181818182
1805,1805,1805,2013-06-26,0.28448999999999997
1804,1804,1804,2013-06-27,0.18153333333333332
1803,1803,1803,2013-06-28,0.20468999999999998
1802,1802,1802,2013-07-01,0.43255999999999994
1801,1801,1801,2013-07-02,0.05681666666666668
1800,1800,1800,2013-07-03,-0.05899999999999999
1799,1799,1799,2013-07-04,0.18719999999999998
1798,1798,1798,2013-07-05,0.058609090909090916
1797,1797,1797,2013-07-08,0.03446
1796,1796,1796,2013-07-09,0.21219375
1795,1795,1795,2013-07-10,0.2759846153846154
1794,1794,1794,2013-07-11,0.33444999999999997
1793,1793,1793,2013-07-12,0.32462666666666673
1792,1792,1792,2013-07-15,0.11810000000000001
1791,1791,1791,2013-07-16,0.012836363636363625
1790,1790,1790,2013-07-17,0.25950769230769233
1789,1789,1789,2013-07-18,0.36729166666666674
1788,1788,1788,2013-07-19,0.25769166666666665
1787,1787,1787,2013-07-22,0.11029
1786,1786,1786,2013-07-23,0.3822777777777777
1785,1785,1785,2013-07-24,0.2464
1784,1784,1784,2013-07-25,0.21088461538461536
1783,1783,1783,2013-07-26,0.19637
1782,1782,1782,2013-07-29,0.13192857142857142
1781,1781,1781,2013-07-30,0.19930999999999996
1780,1780,1780,2013-07-31,0.17406923076923078
1779,1779,1779,2013-08-01,0.35102500000000003
1778,1778,1778,2013-08-02,0.14271538461538463
1777,1777,1777,2013-08-05,0.22574999999999998
1776,1776,1776,2013-08-06,-0.04276428571428571
1775,1775,1775,2013-08-07,0.07159230769230768
1774,1774,1774,2013-08-08,0.2757230769230769
1773,1773,1773,2013-08-12,0.15245384615384616
1772,1772,1772,2013-08-13,0.3217076923076923
1771,1771,1771,2013-08-14,0.16606666666666667
1770,1770,1770,2013-08-16,0.08513076923076922
1769,1769,1769,2013-08-19,0.17532
1768,1768,1768,2013-08-20,0.03999166666666666
1767,1767,1767,2013-08-21,0.047775
1766,1766,1766,2013-08-22,0.13626470588235293
1765,1765,1765,2013-08-23,0.31362142857142855
1764,1764,1764,2013-08-26,0.2168923076923077
1763,1763,1763,2013-08-27,0.04746190476190475
1762,1762,1762,2013-08-28,0.15442727272727272
1761,1761,1761,2013-08-29,0.2507533333333333
1760,1760,1760,2013-08-30,0.10562631578947371
1759,1759,1759,2013-09-02,0.36726666666666674
1758,1758,1758,2013-09-03,0.3289904761904763
1757,1757,1757,2013-09-04,0.33445
1756,1756,1756,2013-09-05,0.37481176470588246
1755,1755,1755,2013-09-06,0.24626428571428574
1754,1754,1754,2013-09-10,0.4592833333333333
1753,1753,1753,2013-09-11,0.2629
1752,1752,1752,2013-09-12,0.21945714285714282
1751,1751,1751,2013-09-13,0.33351875
1750,1750,1750,2013-09-16,0.3756428571428572
1749,1749,1749,2013-09-17,0.24037058823529409
1748,1748,1748,2013-09-18,0.385938888888889
1747,1747,1747,2013-09-19,0.3656941176470589
1746,1746,1746,2013-09-20,0.2710714285714286
1745,1745,1745,2013-09-23,0.19718571428571427
1744,1744,1744,2013-09-24,0.1740875
1743,1743,1743,2013-09-25,0.21420000000000003
1742,1742,1742,2013-09-26,0.33097499999999996
1741,1741,1741,2013-09-27,0.17127222222222221
1740,1740,1740,2013-09-30,0.09329285714285714
1739,1739,1739,2013-10-01,0.2660411764705883
1738,1738,1738,2013-10-03,0.23128571428571426
1737,1737,1737,2013-10-04,0.2724411764705883
1736,1736,1736,2013-10-07,0.06176875
1735,1735,1735,2013-10-08,0.26657058823529417
1734,1734,1734,2013-10-09,0.2183785714285714
1733,1733,1733,2013-10-10,0.1982
1732,1732,1732,2013-10-11,0.22378571428571428
1731,1731,1731,2013-10-14,0.35801666666666665
1730,1730,1730,2013-10-15,0.286
1729,1729,1729,2013-10-17,0.29586153846153845
1728,1728,1728,2013-10-18,0.28841538461538463
1727,1727,1727,2013-10-21,0.26211666666666666
1726,1726,1726,2013-10-22,0.35564166666666663
1725,1725,1725,2013-10-23,0.23666666666666666
1724,1724,1724,2013-10-24,0.29096363636363637
1723,1723,1723,2013-10-25,0.2150333333333333
1722,1722,1722,2013-10-28,0.3648
1721,1721,1721,2013-10-29,0.41052857142857146
1720,1720,1720,2013-10-30,0.35048999999999997
1719,1719,1719,2013-10-31,0.2882818181818182
1718,1718,1718,2013-11-01,0.29710000000000003
1717,1717,1717,2013-11-05,0.21189999999999998
1716,1716,1716,2013-11-06,0.20324
1715,1715,1715,2013-11-07,0.27644
1714,1714,1714,2013-11-08,0.16151666666666661
1713,1713,1713,2013-11-11,0.24876363636363633
1712,1712,1712,2013-11-12,0.08811333333333332
1711,1711,1711,2013-11-13,0.15649999999999997
1710,1710,1710,2013-11-14,0.2677909090909091
1709,1709,1709,2013-11-18,0.26503571428571426
1708,1708,1708,2013-11-19,0.5282545454545455
1707,1707,1707,2013-11-20,0.3350909090909091
1706,1706,1706,2013-11-21,0.06629166666666665
1705,1705,1705,2013-11-22,0.3357357142857143
1704,1704,1704,2013-11-25,0.41443076923076927
1703,1703,1703,2013-11-26,0.20004999999999998
1702,1702,1702,2013-11-27,0.3719692307692307
1701,1701,1701,2013-11-28,0.5748416666666666
1700,1700,1700,2013-11-29,0.4810272727272727
1699,1699,1699,2013-12-02,0.5061000000000001
1698,1698,1698,2013-12-03,0.238
1697,1697,1697,2013-12-04,0.13646428571428568
1696,1696,1696,2013-12-05,0.34214117647058817
1695,1695,1695,2013-12-06,0.28612727272727273
1694,1694,1694,2013-12-09,0.40448888888888884
1693,1693,1693,2013-12-10,0.26278999999999997
1692,1692,1692,2013-12-11,0.006563636363636357
1691,1691,1691,2013-12-12,0.12369090909090909
1690,1690,1690,2013-12-13,0.10114615384615383
1689,1689,1689,2013-12-16,0.32666666666666666
1688,1688,1688,2013-12-17,0.35265384615384615
1687,1687,1687,2013-12-18,0.28077272727272723
1686,1686,1686,2013-12-19,0.1853
1685,1685,1685,2013-12-20,0.30530714285714283
1684,1684,1684,2013-12-23,0.447675
1683,1683,1683,2013-12-24,0.31597
1682,1682,1682,2013-12-26,0.2778
1681,1681,1681,2013-12-27,0.3136818181818181
1680,1680,1680,2013-12-30,0.3342
1679,1679,1679,2013-12-31,0.43906666666666666
1678,1678,1678,2014-01-01,0.31539999999999996
1677,1677,1677,2014-01-02,0.3806545454545454
1676,1676,1676,2014-01-03,0.15963333333333332
1675,1675,1675,2014-01-06,0.051530000000000006
1674,1674,1674,2014-01-07,0.1911545454545454
1673,1673,1673,2014-01-08,0.42121666666666663
1672,1672,1672,2014-01-09,0.16371
1671,1671,1671,2014-01-10,0.15194545454545455
1670,1670,1670,2014-01-13,0.41593
1669,1669,1669,2014-01-14,0.20750833333333332
1668,1668,1668,2014-01-15,0.5186666666666667
1667,1667,1667,2014-01-16,0.38842999999999994
1666,1666,1666,2014-01-17,0.14999
1665,1665,1665,2014-01-20,0.17488461538461533
1664,1664,1664,2014-01-21,0.36080999999999996
1663,1663,1663,2014-01-22,0.01789090909090909
1662,1662,1662,2014-01-23,0.1808
1661,1661,1661,2014-01-24,0.0025615384615384615
1660,1660,1660,2014-01-27,0.0826090909090909
1659,1659,1659,2014-01-28,0.13279999999999997
1658,1658,1658,2014-01-29,0.37024999999999997
1657,1657,1657,2014-01-30,0.24636923076923073
1656,1656,1656,2014-01-31,0.34864545454545454
1655,1655,1655,2014-02-03,-0.1257
1654,1654,1654,2014-02-04,0.23557272727272724
1653,1653,1653,2014-02-05,0.33616363636363633
1652,1652,1652,2014-02-06,0.3592416666666667
1651,1651,1651,2014-02-07,0.29303
1650,1650,1650,2014-02-10,0.39909999999999995
1649,1649,1649,2014-02-11,0.36989999999999995
1648,1648,1648,2014-02-12,0.27303636363636363
1647,1647,1647,2014-02-13,0.10802222222222221
1646,1646,1646,2014-02-14,0.3225083333333333
1645,1645,1645,2014-02-17,0.2765583333333333
1644,1644,1644,2014-02-18,0.36737142857142857
1643,1643,1643,2014-02-19,0.40508181818181815
1642,1642,1642,2014-02-20,0.1380333333333333
1641,1641,1641,2014-02-21,0.48860666666666674
1640,1640,1640,2014-02-24,0.11428181818181816
1639,1639,1639,2014-02-25,0.31965
1638,1638,1638,2014-02-26,0.23163076923076917
1637,1637,1637,2014-02-28,0.35959230769230766
1636,1636,1636,2014-03-03,0.18435833333333332
1635,1635,1635,2014-03-04,0.33133
1634,1634,1634,2014-03-05,0.41410833333333336
1633,1633,1633,2014-03-06,0.26419
1632,1632,1632,2014-03-07,0.3620857142857143
1631,1631,1631,2014-03-10,0.43441
1630,1630,1630,2014-03-11,0.15576666666666664
1629,1629,1629,2014-03-12,0.23580833333333331
1628,1628,1628,2014-03-13,0.27138999999999996
1627,1627,1627,2014-03-14,0.17648333333333333
1626,1626,1626,2014-03-18,0.37433333333333335
1625,1625,1625,2014-03-20,0.4019
1624,1624,1624,2014-03-24,0.3182
1623,1623,1623,2014-03-25,0.3021
1622,1622,1622,2014-03-26,0.4019
1621,1621,1621,2014-03-27,0.4019
1620,1620,1620,2014-03-31,0.0
1619,1619,1619,2014-04-01,-0.1027
1618,1618,1618,2014-04-02,0.0
1617,1617,1617,2014-04-03,0.0
1616,1616,1616,2014-04-07,0.4522
1615,1615,1615,2014-04-09,0.4939
1614,1614,1614,2014-04-10,0.4019
1613,1613,1613,2014-04-15,0.0
1612,1612,1612,2014-04-16,0.0
1611,1611,1611,2014-04-17,0.6597
1610,1610,1610,2014-04-21,0.4019
1609,1609,1609,2014-04-22,0.0
1608,1608,1608,2014-04-23,0.4019
1607,1607,1607,2014-04-28,0.4019
1606,1606,1606,2014-04-29,0.0
1605,1605,1605,2014-04-30,0.0
1604,1604,1604,2014-05-02,0.0
1603,1603,1603,2014-05-05,0.0
1602,1602,1602,2014-05-06,0.0
1601,1601,1601,2014-05-07,0.0
1600,1600,1600,2014-05-08,0.1779
1599,1599,1599,2014-05-09,0.4019
1598,1598,1598,2014-05-12,0.0
1597,1597,1597,2014-05-13,0.4019
1596,1596,1596,2014-05-14,0.4019
1595,1595,1595,2014-05-19,0.0
1594,1594,1594,2014-05-20,0.6808
1593,1593,1593,2014-05-22,0.0
1592,1592,1592,2014-05-23,0.4019
1591,1591,1591,2014-05-26,0.0
1590,1590,1590,2014-05-27,0.4019
1589,1589,1589,2014-05-28,0.4019
1588,1588,1588,2014-05-29,0.4019
1587,1587,1587,2014-05-30,0.4019
1586,1586,1586,2014-06-02,0.4019
1585,1585,1585,2014-06-03,0.4019
1584,1584,1584,2014-06-04,0.4019
1583,1583,1583,2014-06-05,0.4019
1582,1582,1582,2014-06-10,0.4019
1581,1581,1581,2014-06-11,0.3182
1580,1580,1580,2014-06-12,0.0
1579,1579,1579,2014-06-13,0.0
1578,1578,1578,2014-06-16,0.4019
1577,1577,1577,2014-06-18,0.4019
1576,1576,1576,2014-06-20,0.4019
1575,1575,1575,2014-06-23,0.4019
1574,1574,1574,2014-06-24,0.4019
1573,1573,1573,2014-06-26,0.20095
1572,1572,1572,2014-06-27,0.4019
1571,1571,1571,2014-07-01,0.4019
1570,1570,1570,2014-07-02,0.4019
1569,1569,1569,2014-07-03,0.6597
1568,1568,1568,2014-07-04,-0.1027
1567,1567,1567,2014-07-07,0.4019
1566,1566,1566,2014-07-08,0.36005
1565,1565,1565,2014-07-09,0.4019
1564,1564,1564,2014-07-11,0.4019
1563,1563,1563,2014-07-14,0.4019
1562,1562,1562,2014-07-15,0.4019
1561,1561,1561,2014-07-16,0.4019
1560,1560,1560,2014-07-17,0.4019
1559,1559,1559,2014-07-21,0.4019
1558,1558,1558,2014-07-23,0.4019
1557,1557,1557,2014-07-24,0.4019
1556,1556,1556,2014-07-28,0.4019
1555,1555,1555,2014-07-31,0.4019
1554,1554,1554,2014-08-01,0.0
1553,1553,1553,2014-08-05,0.4019
1552,1552,1552,2014-08-06,0.4019
1551,1551,1551,2014-08-12,0.4019
1550,1550,1550,2014-08-13,0.4019
1549,1549,1549,2014-08-19,0.30245
1548,1548,1548,2014-08-20,0.4059000000000001
1547,1547,1547,2014-08-21,0.3592733333333334
1546,1546,1546,2014-08-22,0.4418333333333334
1545,1545,1545,2014-08-25,0.3991571428571429
1544,1544,1544,2014-08-26,0.24039166666666664
1543,1543,1543,2014-08-27,0.4316153846153847
1542,1542,1542,2014-08-28,0.30412352941176474
1541,1541,1541,2014-09-01,0.3356083333333333
1540,1540,1540,2014-09-02,0.17003076923076924
1539,1539,1539,2014-09-03,0.43725384615384627
1538,1538,1538,2014-09-04,0.34552222222222223
1537,1537,1537,2014-09-05,0.28986999999999996
1536,1536,1536,2014-09-08,0.22336428571428568
1535,1535,1535,2014-09-09,0.3113769230769231
1534,1534,1534,2014-09-10,0.0848
1533,1533,1533,2014-09-11,0.09770833333333333
1532,1532,1532,2014-09-12,0.22468461538461534
1531,1531,1531,2014-09-15,-0.03475384615384615
1530,1530,1530,2014-09-16,0.22541818181818182
1529,1529,1529,2014-09-17,0.3250666666666666
1528,1528,1528,2014-09-18,0.0
1527,1527,1527,2014-09-19,0.4019
1526,1526,1526,2014-09-23,0.4019
1525,1525,1525,2014-09-25,0.4019
1524,1524,1524,2014-09-26,0.6597
1523,1523,1523,2014-09-30,0.4019
1522,1522,1522,2014-10-01,0.0
1521,1521,1521,2014-10-07,0.128
1520,1520,1520,2014-10-08,0.29507272727272726
1519,1519,1519,2014-10-09,0.2777533333333333
1518,1518,1518,2014-10-10,0.06777499999999999
1517,1517,1517,2014-10-13,0.2016933333333333
1516,1516,1516,2014-10-14,0.3137785714285714
1515,1515,1515,2014-10-16,0.2394461538461538
1514,1514,1514,2014-10-17,0.3767000000000001
1513,1513,1513,2014-10-20,0.52714
1512,1512,1512,2014-10-21,0.47982727272727277
1511,1511,1511,2014-10-22,0.3943083333333333
1510,1510,1510,2014-10-27,0.40053
1509,1509,1509,2014-10-28,0.2943
1508,1508,1508,2014-10-29,0.44450909090909096
1507,1507,1507,2014-10-30,0.2807818181818182
1506,1506,1506,2014-10-31,0.5208909090909092
1505,1505,1505,2014-11-03,0.5192636363636365
1504,1504,1504,2014-11-05,0.26042
1503,1503,1503,2014-11-07,0.41755
1502,1502,1502,2014-11-10,0.3472857142857143
1501,1501,1501,2014-11-11,0.42157692307692307
1500,1500,1500,2014-11-12,0.507157142857143
1499,1499,1499,2014-11-13,0.37419
1498,1498,1498,2014-11-14,0.3149181818181818
1497,1497,1497,2014-11-17,-0.05232500000000001
1496,1496,1496,2014-11-18,0.09336666666666664
1495,1495,1495,2014-11-19,0.4455
1494,1494,1494,2014-11-20,0.418
1493,1493,1493,2014-11-21,0.12367142857142856
1492,1492,1492,2014-11-24,0.39698
1491,1491,1491,2014-11-25,0.1656125
1490,1490,1490,2014-11-26,-0.195675
1489,1489,1489,2014-11-27,0.3902666666666667
1488,1488,1488,2014-11-28,0.23973333333333333
1487,1487,1487,2014-12-01,0.3095615384615385
1486,1486,1486,2014-12-02,0.1970666666666667
1485,1485,1485,2014-12-03,0.4162600000000001
1484,1484,1484,2014-12-04,0.33839166666666665
1483,1483,1483,2014-12-05,0.32849230769230764
1482,1482,1482,2014-12-08,0.30019285714285715
1481,1481,1481,2014-12-09,0.11144615384615382
1480,1480,1480,2014-12-10,0.25093846153846155
1479,1479,1479,2014-12-11,0.1927461538461538
1478,1478,1478,2014-12-12,0.35486153846153845
1477,1477,1477,2014-12-15,0.06624545454545455
1476,1476,1476,2014-12-16,0.12421538461538462
1475,1475,1475,2014-12-17,0.16435384615384613
1474,1474,1474,2014-12-18,0.4239615384615385
1473,1473,1473,2014-12-19,0.36652307692307695
1472,1472,1472,2014-12-22,0.403075
1471,1471,1471,2014-12-23,0.3373142857142857
1470,1470,1470,2014-12-24,0.36386153846153846
1469,1469,1469,2014-12-26,0.435109090909091
1468,1468,1468,2014-12-29,0.22139166666666665
1467,1467,1467,2014-12-30,0.27706363636363635
1466,1466,1466,2014-12-31,0.3179583333333333
1465,1465,1465,2015-01-01,0.17678461538461537
1464,1464,1464,2015-01-02,0.4069900000000001
1463,1463,1463,2015-01-05,0.23063636363636364
1462,1462,1462,2015-01-06,0.21819999999999995
1461,1461,1461,2015-01-07,0.12677272727272726
1460,1460,1460,2015-01-08,0.5458200000000001
1459,1459,1459,2015-01-09,0.4226142857142858
1458,1458,1458,2015-01-12,0.22965454545454547
1457,1457,1457,2015-01-13,0.48116153846153853
1456,1456,1456,2015-01-14,0.3604833333333333
1455,1455,1455,2015-01-15,0.14215454545454545
1454,1454,1454,2015-01-16,0.4290272727272727
1453,1453,1453,2015-01-19,0.5909181818181819
1452,1452,1452,2015-01-20,0.44741666666666674
1451,1451,1451,2015-01-21,0.4620769230769231
1450,1450,1450,2015-01-22,0.41194166666666665
1449,1449,1449,2015-01-23,0.4712500000000001
1448,1448,1448,2015-01-27,0.5367636363636364
1447,1447,1447,2015-01-28,0.14004
1446,1446,1446,2015-01-29,0.1726272727272727
1445,1445,1445,2015-01-30,0.38819090909090903
1444,1444,1444,2015-02-02,0.06515555555555558
1443,1443,1443,2015-02-03,0.3341181818181818
1442,1442,1442,2015-02-04,0.283
1441,1441,1441,2015-02-05,0.18385384615384615
1440,1440,1440,2015-02-06,0.13434615384615384
1439,1439,1439,2015-02-09,0.13384000000000001
1438,1438,1438,2015-02-10,0.38765555555555564
1437,1437,1437,2015-02-11,0.3877
1436,1436,1436,2015-02-12,0.2843916666666666
1435,1435,1435,2015-02-13,0.4670750000000001
1434,1434,1434,2015-02-16,0.5050000000000001
1433,1433,1433,2015-02-18,0.5367142857142858
1432,1432,1432,2015-02-19,0.39507142857142863
1431,1431,1431,2015-02-20,0.30650000000000005
1430,1430,1430,2015-02-23,0.3438461538461538
1429,1429,1429,2015-02-24,0.3493230769230769
1428,1428,1428,2015-02-25,0.49013076923076926
1427,1427,1427,2015-02-26,0.23802142857142855
1426,1426,1426,2015-02-27,0.3697692307692308
1425,1425,1425,2015-02-28,0.39324571428571425
1424,1424,1424,2015-03-02,0.4890153846153846
1423,1423,1423,2015-03-03,0.3581666666666667
1422,1422,1422,2015-03-04,0.10857333333333331
1421,1421,1421,2015-03-05,0.3194692307692307
1420,1420,1420,2015-03-09,0.08092142857142856
1419,1419,1419,2015-03-10,0.3113
1418,1418,1418,2015-03-11,0.25404666666666664
1417,1417,1417,2015-03-12,0.45241428571428577
1416,1416,1416,2015-03-13,0.2787923076923077
1415,1415,1415,2015-03-16,0.14804615384615383
1414,1414,1414,2015-03-17,0.4121692307692308
1413,1413,1413,2015-03-18,0.2878583333333333
1412,1412,1412,2015-03-19,0.3155571428571428
1411,1411,1411,2015-03-20,0.19802857142857141
1410,1410,1410,2015-03-23,0.23942727272727274
1409,1409,1409,2015-03-24,0.16993076923076922
1408,1408,1408,2015-03-25,0.32536
1407,1407,1407,2015-03-26,0.023666666666666662
1406,1406,1406,2015-03-27,0.23919999999999997
1405,1405,1405,2015-03-30,0.3960000000000001
1404,1404,1404,2015-03-31,0.4334600000000001
1403,1403,1403,2015-04-01,0.18591333333333332
1402,1402,1402,2015-04-06,0.41806666666666664
1401,1401,1401,2015-04-07,0.3776769230769231
1400,1400,1400,2015-04-08,0.40774166666666667
1399,1399,1399,2015-04-09,0.5276357142857144
1398,1398,1398,2015-04-10,0.2706
1397,1397,1397,2015-04-13,0.32148571428571426
1396,1396,1396,2015-04-15,0.3685846153846154
1395,1395,1395,2015-04-16,0.32584615384615384
1394,1394,1394,2015-04-17,0.08502727272727272
1393,1393,1393,2015-04-20,0.1048
1392,1392,1392,2015-04-21,0.2783923076923077
1391,1391,1391,2015-04-22,0.280275
1390,1390,1390,2015-04-23,0.3833
1389,1389,1389,2015-04-24,0.3301769230769231
1388,1388,1388,2015-04-27,0.32210833333333333
1387,1387,1387,2015-04-28,0.453923076923077
1386,1386,1386,2015-04-29,0.19615384615384615
1385,1385,1385,2015-04-30,0.1183
1384,1384,1384,2015-05-04,0.38663
1383,1383,1383,2015-05-05,0.3709909090909091
1382,1382,1382,2015-05-06,0.24294
1381,1381,1381,2015-05-07,0.017036363636363634
1380,1380,1380,2015-05-08,0.47508999999999996
1379,1379,1379,2015-05-11,0.5132090909090908
1378,1378,1378,2015-05-12,0.3262583333333333
1377,1377,1377,2015-05-13,0.41336923076923077
1376,1376,1376,2015-05-14,0.2125916666666667
1375,1375,1375,2015-05-15,0.5256363636363637
1374,1374,1374,2015-05-18,0.4735272727272728
1373,1373,1373,2015-05-19,0.3018444444444444
1372,1372,1372,2015-05-20,0.5506923076923078
1371,1371,1371,2015-05-21,0.44006
1370,1370,1370,2015-05-22,0.35212999999999994
1369,1369,1369,2015-05-25,0.263525
1368,1368,1368,2015-05-26,0.2003111111111111
1367,1367,1367,2015-05-27,0.1377222222222222
1366,1366,1366,2015-05-28,0.44874
1365,1365,1365,2015-05-29,0.35635
1364,1364,1364,2015-06-01,0.15667499999999998
1363,1363,1363,2015-06-02,0.20761666666666664
1362,1362,1362,2015-06-03,-0.03655
1361,1361,1361,2015-06-04,0.32737499999999997
1360,1360,1360,2015-06-05,0.028653846153846148
1359,1359,1359,2015-06-08,-0.07875833333333333
1358,1358,1358,2015-06-09,0.1705357142857143
1357,1357,1357,2015-06-10,0.3929272727272728
1356,1356,1356,2015-06-11,0.37546666666666667
1355,1355,1355,2015-06-12,0.14663571428571429
1354,1354,1354,2015-06-15,0.17647777777777776
1353,1353,1353,2015-06-16,0.05738000000000002
1352,1352,1352,2015-06-17,0.47801
1351,1351,1351,2015-06-18,0.3764846153846155
1350,1350,1350,2015-06-19,0.40504000000000007
1349,1349,1349,2015-06-22,0.4439727272727273
1348,1348,1348,2015-06-23,0.3959555555555555
1347,1347,1347,2015-06-24,0.23066666666666666
1346,1346,1346,2015-06-25,0.14276
1345,1345,1345,2015-06-26,0.08699000000000001
1344,1344,1344,2015-06-29,0.12981666666666664
1343,1343,1343,2015-06-30,0.17887272727272727
1342,1342,1342,2015-07-01,0.40406923076923085
1341,1341,1341,2015-07-02,0.3458090909090909
1340,1340,1340,2015-07-03,0.2690090909090909
1339,1339,1339,2015-07-06,-0.1477
1338,1338,1338,2015-07-07,0.2255272727272727
1337,1337,1337,2015-07-08,0.03839166666666665
1336,1336,1336,2015-07-09,0.12779166666666666
1335,1335,1335,2015-07-10,0.3904307692307692
1334,1334,1334,2015-07-13,0.30809000000000003
1333,1333,1333,2015-07-14,0.291575
1332,1332,1332,2015-07-15,0.4551416666666667
1331,1331,1331,2015-07-16,0.5648600000000001
1330,1330,1330,2015-07-17,0.3873538461538462
1329,1329,1329,2015-07-20,0.27162499999999995
1328,1328,1328,2015-07-21,0.273125
1327,1327,1327,2015-07-22,0.2927111111111111
1326,1326,1326,2015-07-23,0.21891666666666665
1325,1325,1325,2015-07-24,0.17492999999999997
1324,1324,1324,2015-07-27,0.05079166666666668
1323,1323,1323,2015-07-28,0.2630692307692307
1322,1322,1322,2015-07-29,0.30316923076923075
1321,1321,1321,2015-07-30,0.43980833333333336
1320,1320,1320,2015-07-31,0.35954166666666665
1319,1319,1319,2015-08-03,0.3539846153846154
1318,1318,1318,2015-08-04,0.20659
1317,1317,1317,2015-08-05,0.29175
1316,1316,1316,2015-08-06,0.17402727272727275
1315,1315,1315,2015-08-07,0.1240666666666667
1314,1314,1314,2015-08-10,0.24264166666666664
1313,1313,1313,2015-08-11,0.3083153846153846
1312,1312,1312,2015-08-12,0.008133333333333338
1311,1311,1311,2015-08-13,0.45487
1310,1310,1310,2015-08-14,0.52831
1309,1309,1309,2015-08-17,0.16291666666666668
1308,1308,1308,2015-08-18,0.24509090909090905
1307,1307,1307,2015-08-19,0.24000909090909095
1306,1306,1306,2015-08-20,0.15188888888888888
1305,1305,1305,2015-08-21,0.018527272727272746
1304,1304,1304,2015-08-24,0.05296
1303,1303,1303,2015-08-25,0.4451416666666667
1302,1302,1302,2015-08-26,0.07655833333333335
1301,1301,1301,2015-08-27,0.3359272727272727
1300,1300,1300,2015-08-28,0.3619545454545455
1299,1299,1299,2015-08-31,0.2201928571428571
1298,1298,1298,2015-09-01,0.08615833333333334
1297,1297,1297,2015-09-02,0.304875
1296,1296,1296,2015-09-03,0.43670000000000003
1295,1295,1295,2015-09-04,0.03464166666666666
1294,1294,1294,2015-09-07,0.06734615384615386
1293,1293,1293,2015-09-08,0.41206363636363635
1292,1292,1292,2015-09-09,0.49865384615384617
1291,1291,1291,2015-09-10,0.10365
1290,1290,1290,2015-09-11,0.47585000000000005
1289,1289,1289,2015-09-14,0.4309916666666667
1288,1288,1288,2015-09-15,0.19514999999999996
1287,1287,1287,2015-09-16,0.47120000000000006
1286,1286,1286,2015-09-18,0.4126909090909091
1285,1285,1285,2015-09-21,0.1072090909090909
1284,1284,1284,2015-09-22,0.42305
1283,1283,1283,2015-09-23,0.2386636363636363
1282,1282,1282,2015-09-24,0.2068
1281,1281,1281,2015-09-28,0.23548181818181818
1280,1280,1280,2015-09-29,0.11455555555555552
1279,1279,1279,2015-09-30,0.43807272727272734
1278,1278,1278,2015-10-01,0.38470000000000004
1277,1277,1277,2015-10-05,0.4176583333333333
1276,1276,1276,2015-10-06,0.43297272727272723
1275,1275,1275,2015-10-07,0.43204000000000004
1274,1274,1274,2015-10-08,0.24164615384615384
1273,1273,1273,2015-10-09,0.3173333333333333
1272,1272,1272,2015-10-12,0.2671555555555556
1271,1271,1271,2015-10-13,0.25003333333333333
1270,1270,1270,2015-10-14,-0.012433333333333324
1269,1269,1269,2015-10-15,0.40429999999999994
1268,1268,1268,2015-10-16,0.3066444444444445
1267,1267,1267,2015-10-19,0.30215
1266,1266,1266,2015-10-20,0.34773
1265,1265,1265,2015-10-21,0.3842363636363636
1264,1264,1264,2015-10-23,0.4012
1263,1263,1263,2015-10-26,0.41585454545454553
1262,1262,1262,2015-10-27,0.059775
1261,1261,1261,2015-10-28,-0.1273111111111111
1260,1260,1260,2015-10-29,0.1305636363636364
1259,1259,1259,2015-10-30,0.1412909090909091
1258,1258,1258,2015-11-02,0.3173222222222222
1257,1257,1257,2015-11-03,0.44958
1256,1256,1256,2015-11-04,0.4961000000000001
1255,1255,1255,2015-11-05,0.18954545454545457
1254,1254,1254,2015-11-06,0.38272999999999996
1253,1253,1253,2015-11-09,0.12516153846153846
1252,1252,1252,2015-11-10,0.12664
1251,1251,1251,2015-11-13,0.1038090909090909
1250,1250,1250,2015-11-16,0.29165555555555556
1249,1249,1249,2015-11-17,0.2291
1248,1248,1248,2015-11-18,0.09443333333333331
1247,1247,1247,2015-11-19,0.49739999999999995
1246,1246,1246,2015-11-20,0.4201625
1245,1245,1245,2015-11-23,0.40065555555555554
1244,1244,1244,2015-11-24,0.27838888888888885
1243,1243,1243,2015-11-26,0.26681818181818184
1242,1242,1242,2015-11-27,0.37945454545454543
1241,1241,1241,2015-11-30,0.3443
1240,1240,1240,2015-12-01,0.33859999999999996
1239,1239,1239,2015-12-02,0.3374
1238,1238,1238,2015-12-03,0.08173636363636366
1237,1237,1237,2015-12-04,0.17009166666666667
1236,1236,1236,2015-12-07,0.28224
1235,1235,1235,2015-12-08,0.15017272727272726
1234,1234,1234,2015-12-09,0.18451818181818186
1233,1233,1233,2015-12-10,0.31149
1232,1232,1232,2015-12-11,0.12012
1231,1231,1231,2015-12-14,0.10861818181818181
1230,1230,1230,2015-12-15,0.38626666666666665
1229,1229,1229,2015-12-16,0.40523333333333333
1228,1228,1228,2015-12-17,0.44553333333333334
1227,1227,1227,2015-12-18,0.2588125
1226,1226,1226,2015-12-21,0.35062
1225,1225,1225,2015-12-22,0.35541999999999996
1224,1224,1224,2015-12-23,0.4227714285714285
1223,1223,1223,2015-12-24,0.37155
1222,1222,1222,2015-12-28,0.36361249999999995
1221,1221,1221,2015-12-29,0.4983222222222223
1220,1220,1220,2015-12-30,0.3520899999999999
1219,1219,1219,2015-12-31,0.3501727272727273
1218,1218,1218,2016-01-01,0.2280833333333333
1217,1217,1217,2016-01-04,0.16987
1216,1216,1216,2016-01-05,0.4268909090909091
1215,1215,1215,2016-01-06,0.22145
1214,1214,1214,2016-01-07,0.1657909090909091
1213,1213,1213,2016-01-08,0.38531
1212,1212,1212,2016-01-11,0.22860999999999998
1211,1211,1211,2016-01-12,0.3062222222222222
1210,1210,1210,2016-01-13,0.36734
1209,1209,1209,2016-01-14,0.2727625
1208,1208,1208,2016-01-15,0.16867000000000001
1207,1207,1207,2016-01-18,0.3069888888888889
1206,1206,1206,2016-01-19,0.4058333333333333
1205,1205,1205,2016-01-20,0.10698181818181819
1204,1204,1204,2016-01-21,0.23551818181818182
1203,1203,1203,2016-01-22,0.48748
1202,1202,1202,2016-01-25,0.506409090909091
1201,1201,1201,2016-01-27,0.46973000000000004
1200,1200,1200,2016-01-28,0.44953000000000004
1199,1199,1199,2016-01-29,0.18703333333333338
1198,1198,1198,2016-02-01,0.4079375
1197,1197,1197,2016-02-02,0.2245
1196,1196,1196,2016-02-03,0.25381111111111115
1195,1195,1195,2016-02-04,0.49061000000000005
1194,1194,1194,2016-02-05,0.44308181818181824
1193,1193,1193,2016-02-08,0.20587272727272724
1192,1192,1192,2016-02-09,0.21278333333333332
1191,1191,1191,2016-02-10,0.23050000000000004
1190,1190,1190,2016-02-11,0.257
1189,1189,1189,2016-02-12,0.124625
1188,1188,1188,2016-02-15,0.47378181818181814
1187,1187,1187,2016-02-16,0.35414
1186,1186,1186,2016-02-17,0.4112111111111111
1185,1185,1185,2016-02-18,0.47202
1184,1184,1184,2016-02-19,0.34699
1183,1183,1183,2016-02-22,0.3184333333333333
1182,1182,1182,2016-02-23,0.29225
1181,1181,1181,2016-02-24,0.16475454545454546
1180,1180,1180,2016-02-25,0.28479
1179,1179,1179,2016-02-26,0.42508
1178,1178,1178,2016-02-29,0.2505545454545454
1177,1177,1177,2016-03-01,0.5674454545454546
1176,1176,1176,2016-03-02,0.4996300000000001
1175,1175,1175,2016-03-03,0.5164818181818182
1174,1174,1174,2016-03-04,0.4904285714285714
1173,1173,1173,2016-03-08,0.32870999999999995
1172,1172,1172,2016-03-09,0.11343636363636365
1171,1171,1171,2016-03-10,0.4839909090909092
1170,1170,1170,2016-03-11,0.44602499999999995
1169,1169,1169,2016-03-14,0.5930222222222223
1168,1168,1168,2016-03-15,0.17065833333333333
1167,1167,1167,2016-03-16,0.35767777777777776
1166,1166,1166,2016-03-17,0.40876
1165,1165,1165,2016-03-18,0.5121909090909091
1164,1164,1164,2016-03-21,0.4674600000000001
1163,1163,1163,2016-03-22,0.3424222222222222
1162,1162,1162,2016-03-23,0.16706363636363636
1161,1161,1161,2016-03-28,0.1825909090909091
1160,1160,1160,2016-03-29,0.23092727272727273
1159,1159,1159,2016-03-30,0.5047727272727273
1158,1158,1158,2016-03-31,0.40398000000000006
1157,1157,1157,2016-04-01,0.2509363636363636
1156,1156,1156,2016-04-04,0.53072
1155,1155,1155,2016-04-05,0.10489090909090909
1154,1154,1154,2016-04-06,0.48757272727272727
1153,1153,1153,2016-04-07,0.17251818181818182
1152,1152,1152,2016-04-08,0.36654545454545456
1151,1151,1151,2016-04-11,0.28246923076923075
1150,1150,1150,2016-04-12,0.2879222222222222
1149,1149,1149,2016-04-13,0.46293999999999996
1148,1148,1148,2016-04-18,0.564709090909091
1147,1147,1147,2016-04-20,0.37415
1146,1146,1146,2016-04-21,0.410425
1145,1145,1145,2016-04-22,0.4991777777777777
1144,1144,1144,2016-04-25,0.208
1143,1143,1143,2016-04-26,0.2378833333333333
1142,1142,1142,2016-04-27,0.4798857142857143
1141,1141,1141,2016-04-28,0.2961833333333333
1140,1140,1140,2016-04-29,0.21583333333333332
1139,1139,1139,2016-05-02,0.18355555555555553
1138,1138,1138,2016-05-03,0.17168
1137,1137,1137,2016-05-04,0.17736666666666667
1136,1136,1136,2016-05-05,0.48573333333333335
1135,1135,1135,2016-05-06,0.19113750000000002
1134,1134,1134,2016-05-09,0.5799000000000001
1133,1133,1133,2016-05-10,0.3631888888888889
1132,1132,1132,2016-05-11,0.2499
1131,1131,1131,2016-05-12,0.14999
1130,1130,1130,2016-05-13,0.23132499999999998
1129,1129,1129,2016-05-16,0.2446166666666667
1128,1128,1128,2016-05-17,0.57943
1127,1127,1127,2016-05-18,0.19152999999999998
1126,1126,1126,2016-05-19,0.11032
1125,1125,1125,2016-05-20,0.3571583333333333
1124,1124,1124,2016-05-23,0.5248545454545455
1123,1123,1123,2016-05-24,0.32024615384615385
1122,1122,1122,2016-05-25,0.48032727272727277
1121,1121,1121,2016-05-26,0.5190727272727274
1120,1120,1120,2016-05-27,0.49566
1119,1119,1119,2016-05-30,0.4706000000000001
1118,1118,1118,2016-05-31,0.45978181818181824
1117,1117,1117,2016-06-01,0.4656454545454546
1116,1116,1116,2016-06-02,0.22294999999999998
1115,1115,1115,2016-06-03,0.45826
1114,1114,1114,2016-06-06,0.3245333333333333
1113,1113,1113,2016-06-07,0.30877499999999997
1112,1112,1112,2016-06-08,0.2710384615384615
1111,1111,1111,2016-06-09,0.25759
1110,1110,1110,2016-06-10,0.27276153846153844
1109,1109,1109,2016-06-13,0.21823846153846155
1108,1108,1108,2016-06-14,0.2808214285714286
1107,1107,1107,2016-06-15,0.4424615384615385
1106,1106,1106,2016-06-16,0.21165384615384616
1105,1105,1105,2016-06-17,0.5253545454545455
1104,1104,1104,2016-06-20,0.18782500000000002
1103,1103,1103,2016-06-21,0.2754
1102,1102,1102,2016-06-22,0.25373636363636365
1101,1101,1101,2016-06-23,0.33526153846153844
1100,1100,1100,2016-06-24,0.26715833333333333
1099,1099,1099,2016-06-27,0.26039999999999996
1098,1098,1098,2016-06-28,0.3704692307692307
1097,1097,1097,2016-06-29,0.5561833333333334
1096,1096,1096,2016-06-30,0.4729166666666667
1095,1095,1095,2016-07-01,0.48580000000000007
1094,1094,1094,2016-07-04,0.4840615384615386
1093,1093,1093,2016-07-05,0.3097416666666667
1092,1092,1092,2016-07-07,0.316525
1091,1091,1091,2016-07-08,0.26813846153846155
1090,1090,1090,2016-07-11,0.5478090909090909
1089,1089,1089,2016-07-12,0.4559250000000001
1088,1088,1088,2016-07-13,0.2824642857142857
1087,1087,1087,2016-07-14,0.4323727272727273
1086,1086,1086,2016-07-15,0.3502
1085,1085,1085,2016-07-18,0.5007181818181818
1084,1084,1084,2016-07-19,0.5289499999999999
1083,1083,1083,2016-07-20,0.5302
1082,1082,1082,2016-07-21,0.34478888888888887
1081,1081,1081,2016-09-27,0.6249
1080,1080,1080,2016-09-28,0.32914166666666667
1079,1079,1079,2016-09-29,0.20337999999999998
1078,1078,1078,2016-09-30,0.21594545454545455
1077,1077,1077,2016-10-03,0.379676923076923
1076,1076,1076,2016-10-04,0.3811333333333333
1075,1075,1075,2016-10-05,0.4755615384615386
1074,1074,1074,2016-10-06,0.471525
1073,1073,1073,2016-10-07,0.2887181818181819
1072,1072,1072,2016-10-10,0.5192454545454545
1071,1071,1071,2016-10-13,0.43060000000000004
1070,1070,1070,2016-10-14,0.30840833333333334
1069,1069,1069,2016-10-17,0.1631181818181818
1068,1068,1068,2016-10-18,0.55873
1067,1067,1067,2016-10-19,0.47446666666666665
1066,1066,1066,2016-10-20,0.6165181818181817
1065,1065,1065,2016-10-21,0.35047500000000004
1064,1064,1064,2016-10-24,0.4443214285714286
1063,1063,1063,2016-10-25,0.2835545454545454
1062,1062,1062,2016-10-26,0.22346923076923078
1061,1061,1061,2016-10-27,0.369175
1060,1060,1060,2016-10-28,0.2273857142857143
1059,1059,1059,2016-11-01,0.26296363636363634
1058,1058,1058,2016-11-02,0.16276923076923075
1057,1057,1057,2016-11-03,0.33864285714285713
1056,1056,1056,2016-11-04,0.1851
1055,1055,1055,2016-11-07,0.5632846153846155
1054,1054,1054,2016-11-08,0.41415833333333335
1053,1053,1053,2016-11-09,0.4151500000000001
1052,1052,1052,2016-11-10,0.4356416666666667
1051,1051,1051,2016-11-11,0.31966666666666665
1050,1050,1050,2016-11-15,0.23877692307692305
1049,1049,1049,2016-11-16,0.5243818181818183
1048,1048,1048,2016-11-17,0.4761923076923077
1047,1047,1047,2016-11-18,0.3969076923076923
1046,1046,1046,2016-11-21,0.2126
1045,1045,1045,2016-11-22,0.5584416666666667
1044,1044,1044,2016-11-23,0.49734166666666674
1043,1043,1043,2016-11-24,0.18624999999999997
1042,1042,1042,2016-11-25,0.5338250000000001
1041,1041,1041,2016-11-28,0.2812230769230769
1040,1040,1040,2016-11-29,0.4649636363636364
1039,1039,1039,2016-11-30,0.45918000000000003
1038,1038,1038,2016-12-01,0.4559285714285715
1037,1037,1037,2016-12-02,0.3519583333333334
1036,1036,1036,2016-12-05,0.25523076923076926
1035,1035,1035,2016-12-06,0.3778642857142857
1034,1034,1034,2016-12-07,0.3510928571428571
1033,1033,1033,2016-12-08,0.46336923076923076
1032,1032,1032,2016-12-09,0.4738923076923077
1031,1031,1031,2016-12-12,0.3306333333333334
1030,1030,1030,2016-12-13,0.39871428571428574
1029,1029,1029,2016-12-14,0.29369333333333336
1028,1028,1028,2016-12-15,0.32671999999999995
1027,1027,1027,2016-12-16,0.2001785714285714
1026,1026,1026,2016-12-19,0.31609999999999994
1025,1025,1025,2016-12-20,0.28462000000000004
1024,1024,1024,2016-12-21,0.4067071428571429
1023,1023,1023,2016-12-22,0.3613642857142857
1022,1022,1022,2016-12-23,0.1327615384615385
1021,1021,1021,2016-12-26,0.22425625
1020,1020,1020,2016-12-27,0.4784916666666667
1019,1019,1019,2016-12-28,0.37065
1018,1018,1018,2016-12-29,0.5064799999999999
1017,1017,1017,2016-12-30,0.5411333333333335
1016,1016,1016,2017-01-02,0.207175
1015,1015,1015,2017-01-03,0.47325000000000006
1014,1014,1014,2017-01-04,0.4637538461538462
1013,1013,1013,2017-01-05,0.6082071428571428
1012,1012,1012,2017-01-06,0.4709230769230769
1011,1011,1011,2017-01-09,0.19549999999999998
1010,1010,1010,2017-01-10,0.42475714285714294
1009,1009,1009,2017-01-11,0.43009375000000005
1008,1008,1008,2017-01-12,0.3853142857142858
1007,1007,1007,2017-01-13,0.44088333333333335
1006,1006,1006,2017-01-16,0.3459916666666667
1005,1005,1005,2017-01-17,0.474175
1004,1004,1004,2017-01-18,0.35973125
1003,1003,1003,2017-01-19,0.3522933333333333
1002,1002,1002,2017-01-20,0.18828666666666666
1001,1001,1001,2017-01-23,0.2658933333333333
1000,1000,1000,2017-01-24,0.43052666666666667
999,999,999,2017-01-25,0.3500777777777778
998,998,998,2017-01-27,0.44776
997,997,997,2017-01-30,0.14115384615384613
996,996,996,2017-01-31,0.22583750000000002
995,995,995,2017-02-01,0.34514838709677426
994,994,994,2017-02-02,0.2685666666666667
993,993,993,2017-02-03,0.32655833333333334
992,992,992,2017-02-06,0.53364
991,991,991,2017-02-07,0.28163333333333335
990,990,990,2017-02-08,0.2779235294117647
989,989,989,2017-02-09,0.39222500000000005
988,988,988,2017-02-10,0.5130583333333333
987,987,987,2017-02-13,0.4161571428571428
986,986,986,2017-02-14,0.3935533333333333
985,985,985,2017-02-15,0.2465142857142857
984,984,984,2017-02-16,0.41372857142857145
983,983,983,2017-02-17,0.3538933333333334
982,982,982,2017-02-20,0.44289333333333336
981,981,981,2017-02-21,0.48597857142857137
980,980,980,2017-02-22,0.2395263157894737
979,979,979,2017-02-23,0.44776875
978,978,978,2017-02-27,0.28413999999999995
977,977,977,2017-02-28,0.26491333333333333
976,976,976,2017-03-01,0.3784357142857143
975,975,975,2017-03-02,0.4869388888888889
974,974,974,2017-03-03,0.11889999999999998
973,973,973,2017-03-06,0.34490769230769236
972,972,972,2017-03-07,0.41342999999999996
971,971,971,2017-03-08,0.19809
970,970,970,2017-03-09,0.3642000000000001
969,969,969,2017-03-10,0.34217499999999995
968,968,968,2017-03-14,0.5065555555555554
967,967,967,2017-03-15,0.3219083333333333
966,966,966,2017-03-16,0.3815090909090909
965,965,965,2017-03-17,0.44897058823529407
964,964,964,2017-03-20,0.3140272727272727
963,963,963,2017-03-21,0.0317
962,962,962,2017-03-22,0.25159375
961,961,961,2017-03-23,0.52005
960,960,960,2017-03-24,0.3716
959,959,959,2017-03-27,0.2751214285714286
958,958,958,2017-03-28,0.44680909090909093
957,957,957,2017-03-29,0.32777272727272727
956,956,956,2017-03-30,0.44900909090909097
955,955,955,2017-03-31,0.3214375
954,954,954,2017-04-03,0.4025222222222222
953,953,953,2017-04-05,0.41497142857142866
952,952,952,2017-04-06,0.31103749999999997
951,951,951,2017-04-07,0.2534583333333333
950,950,950,2017-04-10,0.2753
949,949,949,2017-04-11,0.4853666666666667
948,948,948,2017-04-12,0.2942142857142857
947,947,947,2017-04-13,0.08285714285714287
946,946,946,2017-04-17,0.23426666666666665
945,945,945,2017-04-18,0.3599153846153846
944,944,944,2017-04-19,0.32530000000000003
943,943,943,2017-04-20,0.2851125
942,942,942,2017-04-21,0.26655
941,941,941,2017-04-24,0.5007375000000001
940,940,940,2017-04-25,0.4902818181818182
939,939,939,2017-04-26,0.3490285714285714
938,938,938,2017-04-27,0.36635333333333336
937,937,937,2017-04-28,0.39890000000000003
936,936,936,2017-05-02,0.25265
935,935,935,2017-05-03,0.35214285714285715
934,934,934,2017-05-04,0.3866666666666667
933,933,933,2017-05-05,0.1909
932,932,932,2017-05-08,0.35540625000000003
931,931,931,2017-05-09,0.43201999999999996
930,930,930,2017-05-10,0.33640714285714285
929,929,929,2017-05-11,0.4110133333333333
928,928,928,2017-05-12,0.4949384615384615
927,927,927,2017-05-15,0.42451
926,926,926,2017-05-16,0.3850818181818182
925,925,925,2017-05-17,0.44539230769230775
924,924,924,2017-05-18,0.46246
923,923,923,2017-05-19,0.4529
922,922,922,2017-05-22,0.5595466666666666
921,921,921,2017-05-23,0.2273333333333333
920,920,920,2017-05-24,0.21660714285714283
919,919,919,2017-05-25,0.36909285714285717
918,918,918,2017-05-26,0.3467142857142857
917,917,917,2017-05-29,0.2605
916,916,916,2017-05-30,0.2495272727272727
915,915,915,2017-05-31,0.4388058823529413
914,914,914,2017-06-01,0.26497692307692305
913,913,913,2017-06-02,0.4772846153846154
912,912,912,2017-06-05,0.43655
911,911,911,2017-06-06,0.32153125
910,910,910,2017-06-07,0.39978
909,909,909,2017-06-08,0.38844166666666663
908,908,908,2017-06-09,0.48547692307692303
907,907,907,2017-06-12,0.29486666666666667
906,906,906,2017-06-13,0.21909090909090906
905,905,905,2017-06-14,0.269875
904,904,904,2017-06-15,0.11099999999999999
903,903,903,2017-06-16,0.5012555555555556
902,902,902,2017-06-19,0.1763222222222222
901,901,901,2017-06-20,0.33799
900,900,900,2017-06-21,0.24576428571428569
899,899,899,2017-06-22,0.43339999999999995
898,898,898,2017-06-23,0.3941928571428572
897,897,897,2017-06-27,0.3306090909090909
896,896,896,2017-06-28,0.2408769230769231
895,895,895,2017-06-29,0.4867166666666667
894,894,894,2017-06-30,0.27556923076923073
893,893,893,2017-07-03,0.32224444444444444
892,892,892,2017-07-04,0.29498461538461535
891,891,891,2017-07-05,0.31686000000000003
890,890,890,2017-07-06,0.26445882352941175
889,889,889,2017-07-07,0.51015
888,888,888,2017-07-10,0.23276
887,887,887,2017-07-11,0.31450999999999996
886,886,886,2017-07-12,0.32456666666666667
885,885,885,2017-07-13,0.30493571428571425
884,884,884,2017-07-14,0.30246666666666666
883,883,883,2017-07-17,0.4718
882,882,882,2017-07-18,0.23267142857142858
881,881,881,2017-07-19,0.35045
880,880,880,2017-07-20,0.2893666666666667
879,879,879,2017-07-21,0.4994700000000001
878,878,878,2017-07-24,0.2445307692307692
877,877,877,2017-07-25,0.23572857142857143
876,876,876,2017-07-26,0.46088749999999995
875,875,875,2017-07-27,0.4098538461538462
874,874,874,2017-07-28,0.4389363636363637
873,873,873,2017-07-31,0.45009090909090915
872,872,872,2017-08-01,0.3271818181818182
871,871,871,2017-08-02,0.27093
870,870,870,2017-08-03,0.3893285714285714
869,869,869,2017-08-04,0.34446
868,868,868,2017-08-07,0.21607692307692306
867,867,867,2017-08-08,0.45554000000000006
866,866,866,2017-08-09,0.26742
865,865,865,2017-08-10,0.13925833333333335
864,864,864,2017-08-11,0.04744999999999999
863,863,863,2017-08-14,0.38725000000000004
862,862,862,2017-08-16,0.39358571428571437
861,861,861,2017-08-17,0.36324000000000006
860,860,860,2017-08-18,0.31706
859,859,859,2017-08-21,0.2895
858,858,858,2017-08-22,0.36488
857,857,857,2017-08-23,0.4226916666666667
856,856,856,2017-08-24,0.5652111111111111
855,855,855,2017-08-28,0.3730636363636364
854,854,854,2017-08-29,0.13994166666666666
853,853,853,2017-08-30,0.39439
852,852,852,2017-08-31,0.37290769230769233
851,851,851,2017-09-01,0.3891125
850,850,850,2017-09-04,0.09312727272727273
849,849,849,2017-09-05,0.16485454545454548
848,848,848,2017-09-06,0.2756909090909091
847,847,847,2017-09-07,0.3786307692307693
846,846,846,2017-09-08,0.43786363636363634
845,845,845,2017-09-11,0.4063142857142857
844,844,844,2017-09-12,0.5377700000000001
843,843,843,2017-09-13,0.3206111111111111
842,842,842,2017-09-14,0.4084454545454546
841,841,841,2017-09-15,0.33197142857142853
840,840,840,2017-09-18,0.36987857142857145
839,839,839,2017-09-19,0.5454714285714285
838,838,838,2017-09-20,0.1494909090909091
837,837,837,2017-09-21,0.0985875
836,836,836,2017-09-22,0.1772
835,835,835,2017-09-25,0.13017499999999999
834,834,834,2017-09-26,0.4019
833,833,833,2017-09-28,0.74505
832,832,832,2017-09-29,0.7579
831,831,831,2017-10-03,0.22629999999999997
830,830,830,2017-10-04,0.5663
829,829,829,2017-10-05,0.22444999999999998
828,828,828,2017-10-09,0.430775
827,827,827,2017-10-10,0.23954999999999999
826,826,826,2017-10-11,0.22135714285714286
825,825,825,2017-10-12,0.3723
824,824,824,2017-10-13,0.7345
823,823,823,2017-10-16,0.3864
822,822,822,2017-10-17,0.42255000000000004
821,821,821,2017-10-18,0.38555000000000006
820,820,820,2017-10-24,0.4019
819,819,819,2017-10-25,0.3509333333333333
818,818,818,2017-10-30,0.2023
817,817,817,2017-10-31,0.128
816,816,816,2017-11-01,0.6124
815,815,815,2017-11-02,0.003025000000000014
814,814,814,2017-11-03,0.4320333333333333
813,813,813,2017-11-06,0.5079499999999999
812,812,812,2017-11-08,0.546
811,811,811,2017-11-10,0.2294
810,810,810,2017-11-24,0.0
809,809,809,2017-11-27,-0.1366
808,808,808,2017-12-06,0.6597
807,807,807,2017-12-13,0.4753
806,806,806,2017-12-18,0.5574
805,805,805,2017-12-20,-0.09509999999999999
804,804,804,2017-12-21,0.5499
803,803,803,2017-12-22,0.4019
802,802,802,2017-12-26,0.6369
801,801,801,2017-12-27,0.09276666666666665
800,800,800,2017-12-28,0.16310000000000002
799,799,799,2017-12-29,0.6249
798,798,798,2018-01-02,0.20095
797,797,797,2018-01-04,0.4019
796,796,796,2018-01-05,0.4635666666666667
795,795,795,2018-01-08,0.34714999999999996
794,794,794,2018-01-09,-0.15713333333333335
793,793,793,2018-01-10,0.0
792,792,792,2018-01-12,0.17
791,791,791,2018-01-15,0.0
790,790,790,2018-01-16,0.06040000000000001
789,789,789,2018-01-18,0.4019
788,788,788,2018-01-19,0.2997
787,787,787,2018-01-22,0.148
786,786,786,2018-01-23,0.3969666666666667
785,785,785,2018-01-24,0.33094
784,784,784,2018-01-25,0.0
783,783,783,2018-01-30,0.1222
782,782,782,2018-01-31,0.0
781,781,781,2018-02-01,0.1139
780,780,780,2018-02-02,0.18076666666666666
779,779,779,2018-02-05,0.07865000000000001
778,778,778,2018-02-06,0.14372857142857143
777,777,777,2018-02-07,0.187825
776,776,776,2018-02-08,0.3791999999999999
775,775,775,2018-02-09,0.25056
774,774,774,2018-02-12,0.20832
773,773,773,2018-02-14,-0.0886333333333333
772,772,772,2018-02-15,0.0009599999999999886
771,771,771,2018-02-16,0.3292333333333333
770,770,770,2018-02-19,0.44758571428571425
769,769,769,2018-02-20,0.27768
768,768,768,2018-02-21,0.4019
767,767,767,2018-02-26,0.2714
766,766,766,2018-02-28,0.02476666666666667
765,765,765,2018-03-05,0.095725
764,764,764,2018-03-06,0.0517
763,763,763,2018-03-07,0.264125
762,762,762,2018-03-08,0.2507333333333333
761,761,761,2018-03-09,-0.1585
760,760,760,2018-03-12,0.4763
759,759,759,2018-03-13,0.32442499999999996
758,758,758,2018-03-14,0.21798
757,757,757,2018-03-15,0.08293999999999999
756,756,756,2018-03-16,0.17497142857142856
755,755,755,2018-03-19,0.17674285714285712
754,754,754,2018-03-20,0.11076
753,753,753,2018-03-21,0.37553999999999993
752,752,752,2018-03-22,0.1633333333333333
751,751,751,2018-03-23,-0.15470000000000003
750,750,750,2018-03-26,0.412775
749,749,749,2018-03-27,0.35892
748,748,748,2018-03-28,0.1323888888888889
747,747,747,2018-04-02,0.6889
746,746,746,2018-04-03,0.4317666666666667
745,745,745,2018-04-04,0.0794
744,744,744,2018-04-05,0.06922500000000001
743,743,743,2018-04-06,0.2503666666666666
742,742,742,2018-04-09,0.2650818181818182
741,741,741,2018-04-10,0.37676363636363636
740,740,740,2018-04-11,0.2983555555555555
739,739,739,2018-04-12,0.4509142857142857
738,738,738,2018-04-13,0.29983999999999994
737,737,737,2018-04-16,0.12483333333333332
736,736,736,2018-04-17,0.19667499999999996
735,735,735,2018-04-18,0.48365
734,734,734,2018-04-19,0.27863333333333334
733,733,733,2018-04-20,0.10338571428571429
732,732,732,2018-04-23,0.4068900000000001
731,731,731,2018-04-24,0.3115444444444444
730,730,730,2018-04-25,0.17528181818181818
729,729,729,2018-04-26,0.4090666666666667
728,728,728,2018-04-27,0.3781833333333333
727,727,727,2018-04-30,0.36175
726,726,726,2018-05-02,0.1859076923076923
725,725,725,2018-05-03,0.12394999999999998
724,724,724,2018-05-04,0.014362500000000014
723,723,723,2018-05-07,0.29995714285714287
722,722,722,2018-05-08,0.3138
721,721,721,2018-05-09,0.2259
720,720,720,2018-05-10,0.39849999999999997
719,719,719,2018-05-11,0.16856249999999998
718,718,718,2018-05-14,0.42207142857142854
717,717,717,2018-05-15,-0.012633333333333338
716,716,716,2018-05-16,0.12102000000000002
715,715,715,2018-05-17,0.11978571428571427
714,714,714,2018-05-18,0.22578888888888893
713,713,713,2018-05-21,0.23232
712,712,712,2018-05-22,0.22947499999999998
711,711,711,2018-05-23,0.10796666666666666
710,710,710,2018-05-24,0.34285000000000004
709,709,709,2018-05-25,0.42835714285714294
708,708,708,2018-05-28,0.4199333333333333
707,707,707,2018-05-29,0.22377499999999997
706,706,706,2018-05-30,-0.05183333333333335
705,705,705,2018-05-31,0.3119625
704,704,704,2018-06-01,0.13053333333333333
703,703,703,2018-06-04,0.14664285714285713
702,702,702,2018-06-05,0.18848333333333334
701,701,701,2018-06-06,-0.0516
700,700,700,2018-06-07,0.4019
699,699,699,2018-06-08,0.1779
698,698,698,2018-06-11,0.4019
697,697,697,2018-06-12,0.13396666666666665
696,696,696,2018-06-13,0.4019
695,695,695,2018-06-14,0.15539999999999998
694,694,694,2018-06-15,0.190775
693,693,693,2018-06-18,0.10039999999999999
692,692,692,2018-06-19,0.08904285714285713
691,691,691,2018-06-20,0.10901428571428572
690,690,690,2018-06-21,0.21337499999999998
689,689,689,2018-06-22,0.38571249999999996
688,688,688,2018-06-25,0.13396666666666665
687,687,687,2018-06-26,0.11971666666666668
686,686,686,2018-06-27,0.17502999999999996
685,685,685,2018-06-28,0.1756333333333333
684,684,684,2018-06-29,0.18237499999999998
683,683,683,2018-07-02,0.1857125
682,682,682,2018-07-03,0.19807999999999998
681,681,681,2018-07-04,0.26904000000000006
680,680,680,2018-07-05,0.3982
679,679,679,2018-07-06,0.18783333333333332
678,678,678,2018-07-09,0.21544545454545452
677,677,677,2018-07-10,0.40435
676,676,676,2018-07-11,0.4113
675,675,675,2018-07-12,0.14176666666666665
674,674,674,2018-07-13,0.19154285714285715
673,673,673,2018-07-16,0.35704444444444444
672,672,672,2018-07-17,0.3179
671,671,671,2018-07-18,0.32049999999999995
670,670,670,2018-07-19,0.17116666666666666
669,669,669,2018-07-20,0.3021
668,668,668,2018-07-23,0.26827999999999996
667,667,667,2018-07-24,0.23121249999999996
666,666,666,2018-07-25,0.35283333333333333
665,665,665,2018-07-26,0.40973333333333334
664,664,664,2018-07-27,0.39146666666666663
663,663,663,2018-07-30,0.25783999999999996
662,662,662,2018-07-31,0.03655
661,661,661,2018-08-01,0.24731999999999998
660,660,660,2018-08-02,0.3372
659,659,659,2018-08-03,0.11530000000000004
658,658,658,2018-08-06,0.32039999999999996
657,657,657,2018-08-07,0.06326666666666668
656,656,656,2018-08-08,0.4907333333333333
655,655,655,2018-08-09,0.15475
654,654,654,2018-08-10,0.35126
653,653,653,2018-08-13,0.12674444444444444
652,652,652,2018-08-14,0.21255714285714286
651,651,651,2018-08-16,-0.030649999999999955
650,650,650,2018-08-17,0.32028
649,649,649,2018-08-20,0.27014444444444446
648,648,648,2018-08-21,0.22835
647,647,647,2018-08-23,0.23556666666666667
646,646,646,2018-08-24,0.20122
645,645,645,2018-08-27,0.26925
644,644,644,2018-08-28,0.40449999999999997
643,643,643,2018-08-29,0.31233999999999995
642,642,642,2018-08-30,0.3949833333333333
641,641,641,2018-08-31,0.20122
640,640,640,2018-09-03,0.05057500000000001
639,639,639,2018-09-04,-0.14445
638,638,638,2018-09-05,0.0869625
637,637,637,2018-09-06,0.30290000000000006
636,636,636,2018-09-07,0.09481666666666665
635,635,635,2018-09-10,-0.23347500000000002
634,634,634,2018-09-11,0.42001250000000007
633,633,633,2018-09-12,0.2988
632,632,632,2018-09-14,0.42439999999999994
631,631,631,2018-09-17,0.4009
630,630,630,2018-09-18,0.20727142857142855
629,629,629,2018-09-19,0.3886833333333333
628,628,628,2018-09-21,0.11832499999999999
627,627,627,2018-09-24,0.22114999999999996
626,626,626,2018-09-25,0.1547
625,625,625,2018-09-26,0.25802499999999995
624,624,624,2018-09-27,0.30277999999999994
623,623,623,2018-09-28,0.5699
622,622,622,2018-10-01,0.03352857142857142
621,621,621,2018-10-03,0.17655
620,620,620,2018-10-04,0.2629333333333333
619,619,619,2018-10-05,0.050042857142857146
618,618,618,2018-10-08,0.25128888888888884
617,617,617,2018-10-09,0.3482
616,616,616,2018-10-10,0.34959999999999997
615,615,615,2018-10-11,0.1978125
614,614,614,2018-10-12,0.46652000000000005
613,613,613,2018-10-15,0.1293142857142857
612,612,612,2018-10-16,0.3055875
611,611,611,2018-10-17,0.382675
610,610,610,2018-10-19,0.035800000000000005
609,609,609,2018-10-22,0.15908333333333333
608,608,608,2018-10-23,0.31978333333333336
607,607,607,2018-10-24,0.14036428571428572
606,606,606,2018-10-25,0.19123636363636365
605,605,605,2018-10-26,0.13094999999999998
604,604,604,2018-10-29,0.18647333333333335
603,603,603,2018-10-30,0.3151789473684211
602,602,602,2018-10-31,0.29311
601,601,601,2018-11-01,0.17601666666666663
600,600,600,2018-11-02,0.31643846153846156
599,599,599,2018-11-05,0.3587333333333334
598,598,598,2018-11-06,0.07236666666666668
597,597,597,2018-11-07,0.5289
596,596,596,2018-11-09,0.3833285714285714
595,595,595,2018-11-12,0.2764409090909091
594,594,594,2018-11-13,0.2689944444444444
593,593,593,2018-11-14,0.22340714285714292
592,592,592,2018-11-15,0.27504545454545454
591,591,591,2018-11-16,0.36669999999999997
590,590,590,2018-11-19,0.17608333333333334
589,589,589,2018-11-20,0.26542727272727273
588,588,588,2018-11-21,0.35205833333333336
587,587,587,2018-11-22,0.21284545454545453
586,586,586,2018-11-26,0.22788333333333333
585,585,585,2018-11-27,0.38663333333333333
584,584,584,2018-11-28,0.299925
583,583,583,2018-11-29,0.2522285714285714
582,582,582,2018-11-30,0.23318
581,581,581,2018-12-03,0.31848333333333334
580,580,580,2018-12-04,0.296
579,579,579,2018-12-05,0.22748333333333334
578,578,578,2018-12-06,0.0027142857142857086
577,577,577,2018-12-07,0.30522857142857135
576,576,576,2018-12-10,0.16379
575,575,575,2018-12-11,0.03936666666666666
574,574,574,2018-12-12,0.45721666666666666
573,573,573,2018-12-13,0.2768333333333333
572,572,572,2018-12-14,0.42191428571428574
571,571,571,2018-12-17,0.48645
570,570,570,2018-12-18,0.17601666666666663
569,569,569,2018-12-19,0.39585
568,568,568,2018-12-20,0.24406666666666668
567,567,567,2018-12-21,0.0649
566,566,566,2018-12-24,0.21306666666666665
565,565,565,2018-12-26,0.22838571428571425
564,564,564,2018-12-27,0.22772857142857145
563,563,563,2018-12-28,0.3688571428571429
562,562,562,2018-12-31,0.18443846153846158
561,561,561,2019-01-01,0.13670000000000002
560,560,560,2019-01-02,0.0998
559,559,559,2019-01-03,0.2966
558,558,558,2019-01-04,0.22210000000000002
557,557,557,2019-01-07,0.32716666666666666
556,556,556,2019-01-08,0.4136
555,555,555,2019-01-09,0.28488571428571424
554,554,554,2019-01-10,0.5692833333333334
553,553,553,2019-01-11,0.22857999999999995
552,552,552,2019-01-14,0.46701999999999994
551,551,551,2019-01-15,0.42631111111111114
550,550,550,2019-01-16,0.42862
549,549,549,2019-01-17,0.4001
548,548,548,2019-01-18,0.23418571428571427
547,547,547,2019-01-21,0.44763333333333327
546,546,546,2019-01-22,0.4060714285714285
545,545,545,2019-01-23,0.42375714285714283
544,544,544,2019-01-24,0.19404999999999997
543,543,543,2019-01-25,0.2679333333333333
542,542,542,2019-01-28,-0.01744000000000001
541,541,541,2019-01-29,0.532475
540,540,540,2019-01-30,0.24914999999999998
539,539,539,2019-01-31,0.18805
538,538,538,2019-02-01,0.3141
537,537,537,2019-02-04,0.23606666666666665
536,536,536,2019-02-06,0.29893333333333333
535,535,535,2019-02-08,-0.4404
534,534,534,2019-02-11,0.16238
533,533,533,2019-02-12,0.21065
532,532,532,2019-02-14,0.09762499999999999
531,531,531,2019-02-15,0.11476666666666668
530,530,530,2019-02-18,0.26117272727272733
529,529,529,2019-02-19,0.31055
528,528,528,2019-02-20,0.15494999999999998
527,527,527,2019-02-21,0.5267
526,526,526,2019-02-22,0.46429999999999993
525,525,525,2019-02-25,0.44442000000000004
524,524,524,2019-02-26,-0.01339999999999999
523,523,523,2019-02-27,0.19719999999999996
522,522,522,2019-02-28,0.23127142857142857
521,521,521,2019-03-01,0.4339
520,520,520,2019-03-05,0.15105
519,519,519,2019-03-06,0.09570000000000001
518,518,518,2019-03-07,0.37005999999999994
517,517,517,2019-03-08,0.3512
516,516,516,2019-03-11,0.4071
515,515,515,2019-03-12,0.30514285714285716
514,514,514,2019-03-13,0.320025
513,513,513,2019-03-14,0.09276666666666666
512,512,512,2019-03-15,0.3676142857142857
511,511,511,2019-03-18,0.3352799999999999
510,510,510,2019-03-19,0.494875
509,509,509,2019-03-20,0.3224
508,508,508,2019-03-22,0.5161
507,507,507,2019-03-25,0.047850000000000004
506,506,506,2019-03-26,0.5681499999999999
505,505,505,2019-03-27,0.3538666666666666
504,504,504,2019-03-28,0.21254285714285714
503,503,503,2019-04-01,0.2797
502,502,502,2019-04-02,0.46724
501,501,501,2019-04-03,0.3270875
500,500,500,2019-04-04,0.294975
499,499,499,2019-04-05,0.20921666666666663
498,498,498,2019-04-08,0.4019
497,497,497,2019-04-09,0.4367166666666667
496,496,496,2019-04-10,0.17579
495,495,495,2019-04-11,0.45265
494,494,494,2019-04-12,0.273
493,493,493,2019-04-15,0.38454999999999995
492,492,492,2019-04-16,0.2802833333333334
491,491,491,2019-04-18,0.15476666666666666
490,490,490,2019-04-22,0.18709999999999996
489,489,489,2019-04-23,0.38319999999999993
488,488,488,2019-04-24,0.28784
487,487,487,2019-04-25,0.32594999999999996
486,486,486,2019-04-26,0.28405
485,485,485,2019-04-30,-0.0258
484,484,484,2019-05-02,0.3420666666666667
483,483,483,2019-05-03,-0.31606666666666666
482,482,482,2019-05-06,-0.23775000000000002
481,481,481,2019-05-07,0.48845
480,480,480,2019-05-08,0.10052000000000001
479,479,479,2019-05-09,0.26609999999999995
478,478,478,2019-05-10,0.4798
477,477,477,2019-05-14,0.20095
476,476,476,2019-05-15,0.27045
475,475,475,2019-05-16,0.42885999999999996
474,474,474,2019-05-17,0.48699999999999993
473,473,473,2019-05-20,0.48196666666666665
472,472,472,2019-05-21,0.5107857142857143
471,471,471,2019-05-22,0.6966666666666667
470,470,470,2019-05-23,0.2407
469,469,469,2019-05-24,0.4563428571428571
468,468,468,2019-05-27,0.4752
467,467,467,2019-05-28,0.2437
466,466,466,2019-05-29,0.4019
465,465,465,2019-05-30,0.36766
464,464,464,2019-05-31,0.3004571428571428
463,463,463,2019-06-03,0.37692666666666674
462,462,462,2019-06-04,0.12695
461,461,461,2019-06-06,0.07718
460,460,460,2019-06-07,0.33280000000000004
459,459,459,2019-06-10,0.15037499999999998
458,458,458,2019-06-11,0.452725
457,457,457,2019-06-12,0.33005
456,456,456,2019-06-13,0.43251666666666666
455,455,455,2019-06-14,0.14983333333333332
454,454,454,2019-06-17,0.1886
453,453,453,2019-06-18,0.37328333333333336
452,452,452,2019-06-19,0.23420000000000002
451,451,451,2019-06-20,0.29754
450,450,450,2019-06-21,0.0932
449,449,449,2019-06-24,0.35762222222222223
448,448,448,2019-06-25,0.13396666666666665
447,447,447,2019-06-26,0.18316666666666667
446,446,446,2019-06-27,0.34647999999999995
445,445,445,2019-06-28,0.14303333333333332
444,444,444,2019-07-01,0.06743333333333333
443,443,443,2019-07-02,0.21554
442,442,442,2019-07-03,0.0
441,441,441,2019-07-04,0.31126666666666664
440,440,440,2019-07-05,0.4019
439,439,439,2019-07-08,0.08007777777777776
438,438,438,2019-07-09,0.4019
437,437,437,2019-07-10,0.23152499999999998
436,436,436,2019-07-11,0.38330000000000003
435,435,435,2019-07-12,0.04185
434,434,434,2019-07-15,0.3004833333333333
433,433,433,2019-07-16,0.3122833333333333
432,432,432,2019-07-17,0.2011666666666667
431,431,431,2019-07-18,0.2758999999999999
430,430,430,2019-07-19,-0.05374999999999999
429,429,429,2019-07-22,0.03319999999999999
428,428,428,2019-07-23,0.14528888888888888
427,427,427,2019-07-24,0.26495
426,426,426,2019-07-25,0.12299999999999998
425,425,425,2019-07-26,0.1466857142857143
424,424,424,2019-07-29,0.26858
423,423,423,2019-07-30,0.33248000000000005
422,422,422,2019-07-31,0.26742
421,421,421,2019-08-01,0.13615000000000002
420,420,420,2019-08-02,0.3078
419,419,419,2019-08-05,0.043739999999999994
418,418,418,2019-08-06,0.32759999999999995
417,417,417,2019-08-07,0.24003333333333332
416,416,416,2019-08-08,0.2394666666666667
415,415,415,2019-08-09,0.16473333333333334
414,414,414,2019-08-13,0.21989999999999998
413,413,413,2019-08-14,0.17602857142857142
412,412,412,2019-08-16,0.3963142857142857
411,411,411,2019-08-19,0.13743333333333332
410,410,410,2019-08-20,0.3525333333333333
409,409,409,2019-08-21,0.10729999999999998
408,408,408,2019-08-22,0.21875
407,407,407,2019-08-23,0.22242857142857142
406,406,406,2019-08-26,0.195125
405,405,405,2019-08-27,0.3625833333333333
404,404,404,2019-08-28,0.11278888888888886
403,403,403,2019-08-29,0.279675
402,402,402,2019-08-30,-0.100525
401,401,401,2019-09-03,-0.1027
400,400,400,2019-09-04,0.37243333333333334
399,399,399,2019-09-05,0.27136
398,398,398,2019-09-06,0.3147333333333333
397,397,397,2019-09-09,0.4626666666666666
396,396,396,2019-09-11,0.47996
395,395,395,2019-09-12,0.05065000000000001
394,394,394,2019-09-13,0.6017
393,393,393,2019-09-16,0.17129999999999998
392,392,392,2019-09-17,0.1452
391,391,391,2019-09-18,0.5194
390,390,390,2019-09-19,0.20858
389,389,389,2019-09-20,0.46986249999999996
388,388,388,2019-09-23,0.26472499999999993
387,387,387,2019-09-24,0.2513
386,386,386,2019-09-25,-0.0663
385,385,385,2019-09-26,0.14298888888888892
384,384,384,2019-09-27,0.2606
383,383,383,2019-09-30,0.3608166666666666
382,382,382,2019-10-01,-0.03136000000000002
381,381,381,2019-10-03,0.4869
380,380,380,2019-10-04,0.09467499999999998
379,379,379,2019-10-07,0.21511999999999998
378,378,378,2019-10-09,0.468675
377,377,377,2019-10-10,0.032174999999999995
376,376,376,2019-10-11,0.26921999999999996
375,375,375,2019-10-14,0.1981833333333333
374,374,374,2019-10-15,0.43793333333333334
373,373,373,2019-10-16,0.18076666666666666
372,372,372,2019-10-17,0.5813333333333334
371,371,371,2019-10-18,0.516525
370,370,370,2019-10-22,0.09955
369,369,369,2019-10-23,0.2679333333333333
368,368,368,2019-10-24,0.26287499999999997
367,367,367,2019-10-25,0.7283
366,366,366,2019-10-27,0.2969
365,365,365,2019-10-29,0.5667
364,364,364,2019-10-30,0.4019
363,363,363,2019-10-31,0.27581666666666665
362,362,362,2019-11-01,0.41468
361,361,361,2019-11-04,0.43556
360,360,360,2019-11-05,0.21846666666666667
359,359,359,2019-11-06,-0.027925000000000005
358,358,358,2019-11-07,0.5100333333333333
357,357,357,2019-11-08,0.12123333333333332
356,356,356,2019-11-11,0.265775
355,355,355,2019-11-13,0.1506833333333333
354,354,354,2019-11-14,0.392225
353,353,353,2019-11-15,0.16235
352,352,352,2019-11-18,0.285725
351,351,351,2019-11-19,0.3138142857142857
350,350,350,2019-11-20,0.39948333333333336
349,349,349,2019-11-21,0.327125
348,348,348,2019-11-22,0.359
347,347,347,2019-11-25,0.33549999999999996
346,346,346,2019-11-26,0.41086
345,345,345,2019-11-27,0.3891
344,344,344,2019-11-28,0.3315666666666666
343,343,343,2019-11-29,0.397725
342,342,342,2019-12-02,0.26042
341,341,341,2019-12-03,0.20404
340,340,340,2019-12-04,0.21988333333333332
339,339,339,2019-12-05,0.399
338,338,338,2019-12-06,-0.12610000000000002
337,337,337,2019-12-09,0.17601999999999998
336,336,336,2019-12-10,0.126825
335,335,335,2019-12-11,0.431
334,334,334,2019-12-12,0.5899333333333333
333,333,333,2019-12-13,0.31704
332,332,332,2019-12-16,0.12421999999999997
331,331,331,2019-12-17,0.14679999999999999
330,330,330,2019-12-18,0.2056428571428571
329,329,329,2019-12-19,0.2673857142857143
328,328,328,2019-12-20,0.12110000000000001
327,327,327,2019-12-23,0.17378
326,326,326,2019-12-24,0.33130000000000004
325,325,325,2019-12-26,0.2757833333333333
324,324,324,2019-12-27,0.1568
323,323,323,2019-12-30,0.13915
322,322,322,2019-12-31,0.24017777777777777
321,321,321,2020-01-01,0.28662499999999996
320,320,320,2020-01-02,0.3000999999999999
319,319,319,2020-01-03,0.1431333333333333
318,318,318,2020-01-06,-0.11456666666666665
317,317,317,2020-01-07,0.06335714285714285
316,316,316,2020-01-08,-0.0272
315,315,315,2020-01-09,0.48960000000000004
314,314,314,2020-01-10,0.3623888888888889
313,313,313,2020-01-13,0.3095285714285714
312,312,312,2020-01-14,0.16454444444444444
311,311,311,2020-01-15,0.5751999999999999
310,310,310,2020-01-16,0.19392857142857142
309,309,309,2020-01-17,0.46429999999999993
308,308,308,2020-01-20,0.33588888888888885
307,307,307,2020-01-21,0.15575000000000003
306,306,306,2020-01-22,0.3865833333333333
305,305,305,2020-01-23,0.22855
304,304,304,2020-01-24,0.33731999999999995
303,303,303,2020-01-27,0.09660000000000002
302,302,302,2020-01-28,0.46323333333333333
301,301,301,2020-01-29,0.2836285714285714
300,300,300,2020-01-30,0.4243833333333333
299,299,299,2020-01-31,0.2629666666666666
298,298,298,2020-02-03,0.06603333333333333
297,297,297,2020-02-04,0.09290000000000002
296,296,296,2020-02-05,0.36408
295,295,295,2020-02-06,0.27295
294,294,294,2020-02-07,0.3648833333333333
293,293,293,2020-02-10,-0.05755
292,292,292,2020-02-11,0.16527142857142857
291,291,291,2020-02-12,-0.032319999999999995
290,290,290,2020-02-13,0.25111428571428573
289,289,289,2020-02-14,0.32456666666666667
288,288,288,2020-02-17,0.19842999999999997
287,287,287,2020-02-18,0.53485
286,286,286,2020-02-19,0.20095
285,285,285,2020-02-20,0.3778166666666667
284,284,284,2020-02-24,0.16936249999999997
283,283,283,2020-02-25,0.07794000000000001
282,282,282,2020-02-26,0.04390000000000001
281,281,281,2020-02-27,0.5400999999999999
280,280,280,2020-02-28,0.08850769230769233
279,279,279,2020-03-02,-0.025088888888888897
278,278,278,2020-03-03,0.17120000000000002
277,277,277,2020-03-04,0.33097999999999994
276,276,276,2020-03-05,0.18243333333333334
275,275,275,2020-03-06,0.14971250000000003
274,274,274,2020-03-09,-0.1513888888888889
273,273,273,2020-03-11,0.3040555555555555
272,272,272,2020-03-12,0.09537142857142857
271,271,271,2020-03-13,0.1366
270,270,270,2020-03-16,0.22569166666666665
269,269,269,2020-03-17,0.23871111111111112
268,268,268,2020-03-18,0.16142222222222222
267,267,267,2020-03-19,0.07120833333333336
266,266,266,2020-03-20,0.09342727272727273
265,265,265,2020-03-23,0.13587857142857143
264,264,264,2020-03-24,0.21987777777777776
263,263,263,2020-03-25,0.3810916666666668
262,262,262,2020-03-26,0.1765066666666667
261,261,261,2020-03-27,0.0058111111111111
260,260,260,2020-03-30,0.25096874999999996
259,259,259,2020-03-31,0.15098571428571428
258,258,258,2020-04-01,0.2023625
257,257,257,2020-04-03,0.3394285714285714
256,256,256,2020-04-07,0.16790833333333333
255,255,255,2020-04-08,0.34337500000000004
254,254,254,2020-04-09,0.29127142857142857
253,253,253,2020-04-13,0.19017777777777778
252,252,252,2020-04-15,0.11705
251,251,251,2020-04-16,0.28827142857142857
250,250,250,2020-04-17,0.18507142857142858
249,249,249,2020-04-20,0.22443749999999998
248,248,248,2020-04-21,0.055633333333333326
247,247,247,2020-04-22,0.42701666666666666
246,246,246,2020-04-23,0.23092222222222222
245,245,245,2020-04-24,0.04468888888888889
244,244,244,2020-04-27,0.27918181818181814
243,243,243,2020-04-28,0.19287142857142855
242,242,242,2020-04-29,0.36096249999999996
241,241,241,2020-04-30,0.35998571428571424
240,240,240,2020-05-04,0.035775
239,239,239,2020-05-05,0.17715
238,238,238,2020-05-06,0.13857142857142857
237,237,237,2020-05-07,0.47645
236,236,236,2020-05-08,0.3277166666666667
235,235,235,2020-05-11,0.39226666666666665
234,234,234,2020-05-12,0.1319
233,233,233,2020-05-13,0.3737375
232,232,232,2020-05-14,-0.18151
231,231,231,2020-05-15,0.06470000000000001
230,230,230,2020-05-18,0.19695833333333335
229,229,229,2020-05-19,0.15438888888888888
228,228,228,2020-05-20,0.19212
227,227,227,2020-05-21,0.2755111111111111
226,226,226,2020-05-22,0.11487777777777779
225,225,225,2020-05-26,0.26545555555555556
224,224,224,2020-05-27,0.22568571428571427
223,223,223,2020-05-28,0.28305714285714284
222,222,222,2020-05-29,0.37484999999999996
221,221,221,2020-06-01,0.36660000000000004
220,220,220,2020-06-02,0.24552000000000002
219,219,219,2020-06-03,0.2762
218,218,218,2020-06-04,0.36645714285714287
217,217,217,2020-06-05,0.25455
216,216,216,2020-06-08,0.3542
215,215,215,2020-06-09,0.284175
214,214,214,2020-06-10,0.3309272727272727
213,213,213,2020-06-11,0.21467499999999998
212,212,212,2020-06-12,0.3160125
211,211,211,2020-06-15,0.25986666666666663
210,210,210,2020-06-16,0.3049555555555556
209,209,209,2020-06-17,0.16312500000000002
208,208,208,2020-06-18,0.21081666666666665
207,207,207,2020-06-19,0.35919999999999996
206,206,206,2020-06-22,0.17354285714285714
205,205,205,2020-06-23,0.24903749999999997
204,204,204,2020-06-24,0.018257142857142843
203,203,203,2020-06-25,0.3359428571428572
202,202,202,2020-06-26,0.3445777777777777
201,201,201,2020-06-29,0.2534666666666666
200,200,200,2020-06-30,0.4146
199,199,199,2020-07-01,0.25034
198,198,198,2020-07-02,0.07101428571428571
197,197,197,2020-07-03,0.2809888888888889
196,196,196,2020-07-06,0.20873999999999998
195,195,195,2020-07-07,0.11804444444444445
194,194,194,2020-07-08,0.24481111111111112
193,193,193,2020-07-09,0.21512857142857142
192,192,192,2020-07-10,0.12385714285714287
191,191,191,2020-07-13,0.3596818181818182
190,190,190,2020-07-14,0.053933333333333326
189,189,189,2020-07-15,0.28128000000000003
188,188,188,2020-07-16,0.2407857142857143
187,187,187,2020-07-17,0.28426
186,186,186,2020-07-20,0.37801
185,185,185,2020-07-21,0.3402222222222222
184,184,184,2020-07-22,0.31803
183,183,183,2020-07-23,0.4044875
182,182,182,2020-07-24,0.35162857142857146
181,181,181,2020-07-27,0.18997499999999998
180,180,180,2020-07-28,0.1834
179,179,179,2020-07-29,0.3868375
178,178,178,2020-07-30,0.21466249999999998
177,177,177,2020-07-31,0.17058333333333334
176,176,176,2020-08-03,0.2322
175,175,175,2020-08-04,0.39881428571428573
174,174,174,2020-08-05,0.32259000000000004
173,173,173,2020-08-06,0.38471428571428573
172,172,172,2020-08-07,0.04986666666666666
171,171,171,2020-08-10,0.17225714285714286
170,170,170,2020-08-11,0.17272857142857143
169,169,169,2020-08-12,0.27017142857142856
168,168,168,2020-08-13,0.16785555555555554
167,167,167,2020-08-14,0.260675
166,166,166,2020-08-17,0.15089090909090908
165,165,165,2020-08-18,0.16360999999999998
164,164,164,2020-08-19,0.30564545454545455
163,163,163,2020-08-20,-0.10652222222222224
162,162,162,2020-08-21,0.20906666666666668
161,161,161,2020-08-24,0.32105555555555554
160,160,160,2020-08-25,0.20932
159,159,159,2020-08-26,0.17543333333333333
158,158,158,2020-08-27,0.289775
157,157,157,2020-08-28,0.12995714285714285
156,156,156,2020-08-31,0.10555
155,155,155,2020-09-01,0.2117888888888889
154,154,154,2020-09-02,0.29775
153,153,153,2020-09-03,0.4943857142857144
152,152,152,2020-09-04,0.19876666666666665
151,151,151,2020-09-07,0.24817999999999998
150,150,150,2020-09-08,0.09158571428571428
149,149,149,2020-09-09,0.11094285714285713
148,148,148,2020-09-10,0.25868749999999996
147,147,147,2020-09-11,0.23421666666666666
146,146,146,2020-09-14,0.27327
145,145,145,2020-09-15,0.25965
144,144,144,2020-09-16,0.20364
143,143,143,2020-09-17,0.28757142857142853
142,142,142,2020-09-18,0.2021333333333333
141,141,141,2020-09-21,0.1961125
140,140,140,2020-09-22,0.307975
139,139,139,2020-09-23,0.40313333333333334
138,138,138,2020-09-24,0.07746666666666664
137,137,137,2020-09-25,0.11346666666666666
136,136,136,2020-09-28,0.2700333333333333
135,135,135,2020-09-29,0.11077142857142856
134,134,134,2020-09-30,0.36693749999999997
133,133,133,2020-10-01,0.22509999999999997
132,132,132,2020-10-05,0.21356666666666663
131,131,131,2020-10-06,0.17718333333333333
130,130,130,2020-10-07,0.33290999999999993
129,129,129,2020-10-08,0.37104
128,128,128,2020-10-09,0.3517666666666666
127,127,127,2020-10-12,0.21787499999999999
126,126,126,2020-10-13,0.20784166666666662
125,125,125,2020-10-14,0.24908750000000002
124,124,124,2020-10-15,0.23741249999999997
123,123,123,2020-10-16,0.2104285714285714
122,122,122,2020-10-19,0.3078090909090909
121,121,121,2020-10-20,0.2451
120,120,120,2020-10-21,0.28786
119,119,119,2020-10-22,0.42156666666666665
118,118,118,2020-10-23,0.364575
117,117,117,2020-10-26,0.22885454545454545
116,116,116,2020-10-27,0.39175000000000004
115,115,115,2020-10-28,0.2870714285714286
114,114,114,2020-10-29,0.2626
113,113,113,2020-10-30,0.22744
112,112,112,2020-11-02,0.28615
111,111,111,2020-11-03,0.3082625
110,110,110,2020-11-04,0.20095
109,109,109,2020-11-05,0.4028333333333333
108,108,108,2020-11-06,0.29993
107,107,107,2020-11-09,0.23943999999999996
106,106,106,2020-11-10,0.31666363636363637
105,105,105,2020-11-11,0.15615999999999997
104,104,104,2020-11-12,0.34407499999999996
103,103,103,2020-11-13,0.11519999999999997
102,102,102,2020-11-14,0.25339999999999996
101,101,101,2020-11-17,0.27578888888888886
100,100,100,2020-11-18,0.23901111111111106
99,99,99,2020-11-19,0.27814444444444447
98,98,98,2020-11-20,0.20095
97,97,97,2020-11-23,0.29666363636363635
96,96,96,2020-11-24,0.2960636363636363
95,95,95,2020-11-25,0.32634166666666664
94,94,94,2020-11-26,0.14055555555555557
93,93,93,2020-11-27,0.15186000000000002
92,92,92,2020-12-01,0.41681428571428564
91,91,91,2020-12-02,0.3315666666666666
90,90,90,2020-12-03,0.4847
89,89,89,2020-12-04,0.36754
88,88,88,2020-12-07,0.4633166666666666
87,87,87,2020-12-08,0.39172857142857137
86,86,86,2020-12-09,0.2923142857142857
85,85,85,2020-12-10,0.3098
84,84,84,2020-12-11,0.31351999999999997
83,83,83,2020-12-14,0.33334545454545456
82,82,82,2020-12-15,0.2608125
81,81,81,2020-12-16,0.38525
80,80,80,2020-12-17,0.5075999999999999
79,79,79,2020-12-18,0.2716166666666667
78,78,78,2020-12-21,0.14926666666666663
77,77,77,2020-12-22,0.38683333333333336
76,76,76,2020-12-23,0.2974
75,75,75,2020-12-24,0.2252111111111111
74,74,74,2020-12-28,0.4745000000000001
73,73,73,2020-12-29,0.21135
72,72,72,2020-12-30,0.2153090909090909
71,71,71,2020-12-31,0.44878999999999997
70,70,70,2021-01-01,0.2186285714285714
69,69,69,2021-01-04,0.2687222222222222
68,68,68,2021-01-05,0.228825
67,67,67,2021-01-06,0.20073636363636368
66,66,66,2021-01-07,0.24114
65,65,65,2021-01-08,0.29186999999999996
64,64,64,2021-01-11,0.2407375
63,63,63,2021-01-12,0.08108749999999998
62,62,62,2021-01-13,0.2868307692307692
61,61,61,2021-01-14,0.1819285714285714
60,60,60,2021-01-15,0.2511
59,59,59,2021-01-18,0.395175
58,58,58,2021-01-19,0.24375000000000002
57,57,57,2021-01-20,0.26678749999999996
56,56,56,2021-01-21,0.16974545454545453
55,55,55,2021-01-22,0.18134285714285717
54,54,54,2021-01-25,0.1466
53,53,53,2021-01-27,0.23202222222222224
52,52,52,2021-01-28,0.19232
51,51,51,2021-01-29,0.24114
50,50,50,2021-02-01,0.36110000000000003
49,49,49,2021-02-02,0.5178833333333333
48,48,48,2021-02-03,0.31051249999999997
47,47,47,2021-02-04,0.23149999999999998
46,46,46,2021-02-05,0.3124833333333333
45,45,45,2021-02-08,0.33274444444444445
44,44,44,2021-02-09,0.3478875
43,43,43,2021-02-10,0.164825
42,42,42,2021-02-11,0.3192857142857143
41,41,41,2021-02-12,0.26545555555555556
40,40,40,2021-02-15,0.30930909090909087
39,39,39,2021-02-16,0.230075
38,38,38,2021-02-17,0.11245555555555556
37,37,37,2021-02-18,0.008312500000000014
36,36,36,2021-02-19,0.19804000000000002
35,35,35,2021-02-22,0.22422857142857142
34,34,34,2021-02-23,0.2853333333333333
33,33,33,2021-02-24,0.1332142857142857
32,32,32,2021-02-25,0.4514
31,31,31,2021-02-26,0.19103999999999996
30,30,30,2021-03-01,0.2381416666666667
29,29,29,2021-03-02,0.27404545454545454
28,28,28,2021-03-03,0.3545142857142857
27,27,27,2021-03-04,0.272775
26,26,26,2021-03-05,0.2701111111111111
25,25,25,2021-03-08,0.2511875
24,24,24,2021-03-09,0.23472857142857143
23,23,23,2021-03-10,0.287825
22,22,22,2021-03-12,0.2678285714285714
21,21,21,2021-03-15,0.38724
20,20,20,2021-03-16,0.11298333333333332
19,19,19,2021-03-17,0.23602857142857142
18,18,18,2021-03-18,0.29634444444444447
17,17,17,2021-03-19,0.266175
16,16,16,2021-03-22,0.29168
15,15,15,2021-03-23,0.26280000000000003
14,14,14,2021-03-24,0.3681
13,13,13,2021-03-25,0.2280444444444445
12,12,12,2021-03-26,0.3196875
11,11,11,2021-03-30,0.40944
10,10,10,2021-03-31,0.26721000000000006
9,9,9,2021-04-01,0.3704125
8,8,8,2021-04-05,0.24307777777777778
7,7,7,2021-04-06,0.22848888888888888
6,6,6,2021-04-07,0.2768625
5,5,5,2021-04-08,0.2639142857142857
4,4,4,2021-04-09,0.2804285714285714
3,3,3,2021-04-12,0.134625
2,2,2,2021-04-13,0.2482333333333333
1,1,1,2021-04-15,0.17027499999999998
0,0,0,2021-04-16,0.2104
